-- phpMyAdmin SQL Dump
-- version 5.2.0
-- https://www.phpmyadmin.net/
--
-- Host: localhost:8889
-- Generation Time: Nov 13, 2023 at 03:45 PM
-- Server version: 5.7.39
-- PHP Version: 7.4.33

SET SQL_MODE = "NO_AUTO_VALUE_ON_ZERO";
START TRANSACTION;
SET time_zone = "+00:00";


/*!40101 SET @OLD_CHARACTER_SET_CLIENT=@@CHARACTER_SET_CLIENT */;
/*!40101 SET @OLD_CHARACTER_SET_RESULTS=@@CHARACTER_SET_RESULTS */;
/*!40101 SET @OLD_COLLATION_CONNECTION=@@COLLATION_CONNECTION */;
/*!40101 SET NAMES utf8mb4 */;

--
-- Database: `Portal`
--

-- --------------------------------------------------------

--
-- Table structure for table `biographical_student`
--

CREATE TABLE `biographical_student` (
  `student_id` int(11) NOT NULL,
  `prefix` varchar(255) NOT NULL,
  `first_name` varchar(255) NOT NULL,
  `last_name` varchar(255) NOT NULL,
  `id_rmutl` varchar(255) NOT NULL,
  `email` varchar(255) NOT NULL,
  `status` varchar(255) NOT NULL,
  `curriculum` varchar(255) NOT NULL,
  `section` varchar(255) NOT NULL,
  `birthday` date DEFAULT NULL,
  `gender` varchar(255) NOT NULL,
  `nationality` varchar(255) NOT NULL,
  `religion` varchar(255) NOT NULL,
  `ls_deleted` int(11) NOT NULL,
  `created` datetime NOT NULL,
  `image` varchar(255) NOT NULL
) ENGINE=InnoDB DEFAULT CHARSET=utf8;

--
-- Dumping data for table `biographical_student`
--

INSERT INTO `biographical_student` (`student_id`, `prefix`, `first_name`, `last_name`, `id_rmutl`, `email`, `status`, `curriculum`, `section`, `birthday`, `gender`, `nationality`, `religion`, `ls_deleted`, `created`, `image`) VALUES
(1, 'น.ส.', 'กฤติยาภรณ์', 'ปาปะไมล์', '60523206001-8', 'a@gmail.com', 'สำเร็จการศึกษา', 'วิศวกรรมศาสตรบัณฑิต สาขาวิชาวิศวกรรมคอมพิวเตอร์ 2560', 'วศ.บ.วิศวกรรมคอมพิวเตอร์ เทียบโอน', '2020-07-01', 'หญิง', 'ไทย', 'พุทธ', 0, '2023-08-08 22:12:34', 'stu_60523206001-8.jpg'),
(2, 'นาย', 'จิรายุทธ์', 'สนใจ', '60523206002-6', '', 'สำเร็จการศึกษา', 'วิศวกรรมศาสตรบัณฑิต สาขาวิชาวิศวกรรมคอมพิวเตอร์ 2560', 'วศ.บ.วิศวกรรมคอมพิวเตอร์ เทียบโอน', '2023-08-13', 'ชาย', 'ไทย', 'พุทธ', 0, '2023-08-14 21:26:50', 'stu_60523206002-6.jpg'),
(3, 'นาย', 'ทนนชัย', 'ทะลิ', '60523206003-4', '', 'สำเร็จการศึกษา', 'วิศวกรรมศาสตรบัณฑิต สาขาวิชาวิศวกรรมคอมพิวเตอร์ 2560', 'วศ.บ.วิศวกรรมคอมพิวเตอร์ เทียบโอน', '0000-00-00', 'ชาย', '', '', 0, '0000-00-00 00:00:00', ''),
(4, 'นาย', 'ทินภัทร', 'บ่อคำ', '60523206004-2', '', 'สำเร็จการศึกษา', 'วิศวกรรมศาสตรบัณฑิต สาขาวิชาวิศวกรรมคอมพิวเตอร์ 2560', 'วศ.บ.วิศวกรรมคอมพิวเตอร์ เทียบโอน', '0000-00-00', 'ชาย', '', '', 0, '0000-00-00 00:00:00', ''),
(5, 'นาย', 'ธนพันธ์', 'เพ็ชรรัตน์', '60523206005-9', '', 'สำเร็จการศึกษา', 'วิศวกรรมศาสตรบัณฑิต สาขาวิชาวิศวกรรมคอมพิวเตอร์ 2560', 'วศ.บ.วิศวกรรมคอมพิวเตอร์ เทียบโอน', '0000-00-00', 'ชาย', '', '', 0, '0000-00-00 00:00:00', ''),
(6, 'นาย', 'นัทติพงศ์', 'พัชรวณิชย์', '60523206006-7', '', 'สำเร็จการศึกษา', 'วิศวกรรมศาสตรบัณฑิต สาขาวิชาวิศวกรรมคอมพิวเตอร์ 2560', 'วศ.บ.วิศวกรรมคอมพิวเตอร์ เทียบโอน', '0000-00-00', 'ชาย', '', '', 0, '0000-00-00 00:00:00', ''),
(7, 'นาย', 'พงศ์ภรณ์', 'ปีนัง', '60523206007-5', '', 'สำเร็จการศึกษา', 'วิศวกรรมศาสตรบัณฑิต สาขาวิชาวิศวกรรมคอมพิวเตอร์ 2560', 'วศ.บ.วิศวกรรมคอมพิวเตอร์ เทียบโอน', '0000-00-00', 'ชาย', '', '', 0, '0000-00-00 00:00:00', ''),
(8, 'นาย', 'ภาณุมารถ', 'อินทร์อุด', '60523206008-3', '', 'สำเร็จการศึกษา', 'วิศวกรรมศาสตรบัณฑิต สาขาวิชาวิศวกรรมคอมพิวเตอร์ 2560', 'วศ.บ.วิศวกรรมคอมพิวเตอร์ เทียบโอน', '0000-00-00', 'ชาย', '', '', 0, '0000-00-00 00:00:00', ''),
(9, 'นาย', 'สัณห์พิชญ์', 'งามเขียว', '60523206009-1', '', 'สำเร็จการศึกษา', 'วิศวกรรมศาสตรบัณฑิต สาขาวิชาวิศวกรรมคอมพิวเตอร์ 2560', 'วศ.บ.วิศวกรรมคอมพิวเตอร์ เทียบโอน', '0000-00-00', 'ชาย', '', '', 0, '0000-00-00 00:00:00', ''),
(10, 'นาย', 'สิทธิเดช', 'ตากาศ', '60523206010-9', '', 'สำเร็จการศึกษา', 'วิศวกรรมศาสตรบัณฑิต สาขาวิชาวิศวกรรมคอมพิวเตอร์ 2560', 'วศ.บ.วิศวกรรมคอมพิวเตอร์ เทียบโอน', '0000-00-00', 'ชาย', '', '', 0, '0000-00-00 00:00:00', ''),
(11, 'นาย', 'สุกัลย์', 'ชุ่มใจ', '60523206011-7', '', 'สำเร็จการศึกษา', 'วิศวกรรมศาสตรบัณฑิต สาขาวิชาวิศวกรรมคอมพิวเตอร์ 2560', 'วศ.บ.วิศวกรรมคอมพิวเตอร์ เทียบโอน', '0000-00-00', 'ชาย', '', '', 0, '0000-00-00 00:00:00', ''),
(12, 'น.ส.', 'สุทธิตา', 'ประสม', '60523206012-5', '', 'สำเร็จการศึกษา', 'วิศวกรรมศาสตรบัณฑิต สาขาวิชาวิศวกรรมคอมพิวเตอร์ 2560', 'วศ.บ.วิศวกรรมคอมพิวเตอร์ เทียบโอน', '0000-00-00', 'หญิง', '', '', 0, '0000-00-00 00:00:00', ''),
(13, 'นาย', 'อดิศร', 'เจิมเฉลิม', '60523206013-3', '', 'สำเร็จการศึกษา', 'วิศวกรรมศาสตรบัณฑิต สาขาวิชาวิศวกรรมคอมพิวเตอร์ 2560', 'วศ.บ.วิศวกรรมคอมพิวเตอร์ เทียบโอน', '0000-00-00', 'ชาย', '', '', 0, '0000-00-00 00:00:00', ''),
(14, 'นาย', 'จักรกฤษณ์', 'ทาวิราช', '60523206014-1', '', 'สำเร็จการศึกษา', 'วิศวกรรมศาสตรบัณฑิต สาขาวิชาวิศวกรรมคอมพิวเตอร์ 2560', 'วศ.บ.วิศวกรรมคอมพิวเตอร์ เทียบโอน', '0000-00-00', 'ชาย', '', '', 0, '0000-00-00 00:00:00', ''),
(15, 'นาย', 'จักรวาล', 'กวงแหวน', '60523206015-8', '', 'สำเร็จการศึกษา', 'วิศวกรรมศาสตรบัณฑิต สาขาวิชาวิศวกรรมคอมพิวเตอร์ 2560', 'วศ.บ.วิศวกรรมคอมพิวเตอร์ เทียบโอน', '0000-00-00', 'ชาย', '', '', 0, '0000-00-00 00:00:00', ''),
(16, 'นาย', 'จิรายุส', 'วงค์อินทร์', '60523206016-6', '', 'ปกติ', 'วิศวกรรมศาสตรบัณฑิต สาขาวิชาวิศวกรรมคอมพิวเตอร์ 2560', 'วศ.บ.วิศวกรรมคอมพิวเตอร์ เทียบโอน', '0000-00-00', 'ชาย', '', '', 0, '0000-00-00 00:00:00', ''),
(17, 'นาย', 'ณัฐดนัย', 'นวลปิง', '60523206017-4', '', 'ถอนชื่อออก', 'วิศวกรรมศาสตรบัณฑิต สาขาวิชาวิศวกรรมคอมพิวเตอร์ 2560', 'วศ.บ.วิศวกรรมคอมพิวเตอร์ เทียบโอน', '0000-00-00', 'ชาย', '', '', 0, '0000-00-00 00:00:00', ''),
(18, 'นาย', 'ณัฐวุฒิ', 'ท้าวตื้อ', '60523206019-0', '', 'สำเร็จการศึกษา', 'วิศวกรรมศาสตรบัณฑิต สาขาวิชาวิศวกรรมคอมพิวเตอร์ 2560', 'วศ.บ.วิศวกรรมคอมพิวเตอร์ เทียบโอน', '0000-00-00', 'ชาย', '', '', 0, '0000-00-00 00:00:00', ''),
(19, 'น.ส.', 'ณิชากร', 'รัตนพันธ์', '60523206020-8', '', 'สำเร็จการศึกษา', 'วิศวกรรมศาสตรบัณฑิต สาขาวิชาวิศวกรรมคอมพิวเตอร์ 2560', 'วศ.บ.วิศวกรรมคอมพิวเตอร์ เทียบโอน', '0000-00-00', 'หญิง', '', '', 0, '0000-00-00 00:00:00', ''),
(20, 'นาย', 'ดนุสรณ์', 'วรรณพนม', '60523206021-6', '', 'สำเร็จการศึกษา', 'วิศวกรรมศาสตรบัณฑิต สาขาวิชาวิศวกรรมคอมพิวเตอร์ 2560', 'วศ.บ.วิศวกรรมคอมพิวเตอร์ เทียบโอน', '0000-00-00', 'ชาย', '', '', 0, '0000-00-00 00:00:00', ''),
(21, 'นาย', 'ดลธรรม', 'กาวีอิ่น', '60523206022-4', '', 'ถอนชื่อออก', 'วิศวกรรมศาสตรบัณฑิต สาขาวิชาวิศวกรรมคอมพิวเตอร์ 2560', 'วศ.บ.วิศวกรรมคอมพิวเตอร์ เทียบโอน', '0000-00-00', 'ชาย', '', '', 0, '0000-00-00 00:00:00', ''),
(22, 'นาย', 'ทศพล', 'พิณทอง', '60523206023-2', '', 'สำเร็จการศึกษา', 'วิศวกรรมศาสตรบัณฑิต สาขาวิชาวิศวกรรมคอมพิวเตอร์ 2560', 'วศ.บ.วิศวกรรมคอมพิวเตอร์ เทียบโอน', '0000-00-00', 'ชาย', '', '', 0, '0000-00-00 00:00:00', ''),
(23, 'นาย', 'แทนคุณ', 'ปราบไพรี', '60523206024-0', '', 'ปกติ', 'วิศวกรรมศาสตรบัณฑิต สาขาวิชาวิศวกรรมคอมพิวเตอร์ 2560', 'วศ.บ.วิศวกรรมคอมพิวเตอร์ เทียบโอน', '0000-00-00', 'ชาย', '', '', 0, '0000-00-00 00:00:00', ''),
(24, 'นาย', 'ธัญพิเชษฐ์', 'พงศ์มาลี', '60523206025-7', '', 'ถอนชื่อออก', 'วิศวกรรมศาสตรบัณฑิต สาขาวิชาวิศวกรรมคอมพิวเตอร์ 2560', 'วศ.บ.วิศวกรรมคอมพิวเตอร์ เทียบโอน', '0000-00-00', 'ชาย', '', '', 0, '0000-00-00 00:00:00', ''),
(25, 'นาย', 'ธีรเมธ', 'พรหมสูตร', '60523206026-5', '', 'สำเร็จการศึกษา', 'วิศวกรรมศาสตรบัณฑิต สาขาวิชาวิศวกรรมคอมพิวเตอร์ 2560', 'วศ.บ.วิศวกรรมคอมพิวเตอร์ เทียบโอน', '0000-00-00', 'ชาย', '', '', 0, '0000-00-00 00:00:00', ''),
(26, 'นาย', 'นพชัย', 'อายุสูง', '60523206027-3', '', 'สำเร็จการศึกษา', 'วิศวกรรมศาสตรบัณฑิต สาขาวิชาวิศวกรรมคอมพิวเตอร์ 2560', 'วศ.บ.วิศวกรรมคอมพิวเตอร์ เทียบโอน', '0000-00-00', 'ชาย', '', '', 0, '0000-00-00 00:00:00', ''),
(27, 'นาย', 'ปิยะพล', 'บัวหนา', '60523206028-1', '', 'พ้นสภาพไม่ผ่านเกณฑ์วัดผล', 'วิศวกรรมศาสตรบัณฑิต สาขาวิชาวิศวกรรมคอมพิวเตอร์ 2560', 'วศ.บ.วิศวกรรมคอมพิวเตอร์ เทียบโอน', '0000-00-00', 'ชาย', '', '', 0, '0000-00-00 00:00:00', ''),
(28, 'นาย', 'พัชระ', 'ดวงมูล', '60523206029-9', '', 'สำเร็จการศึกษา', 'วิศวกรรมศาสตรบัณฑิต สาขาวิชาวิศวกรรมคอมพิวเตอร์ 2560', 'วศ.บ.วิศวกรรมคอมพิวเตอร์ เทียบโอน', '0000-00-00', 'ชาย', '', '', 0, '0000-00-00 00:00:00', ''),
(29, 'นาย', 'พิจักษณ์', 'คงขุนเทียน', '60523206030-7', '', 'เสียชีวิต', 'วิศวกรรมศาสตรบัณฑิต สาขาวิชาวิศวกรรมคอมพิวเตอร์ 2560', 'วศ.บ.วิศวกรรมคอมพิวเตอร์ เทียบโอน', '0000-00-00', 'ชาย', '', '', 0, '0000-00-00 00:00:00', ''),
(30, 'นาย', 'พิสิฐ', 'โภคพูน', '60523206031-5', '', 'สำเร็จการศึกษา', 'วิศวกรรมศาสตรบัณฑิต สาขาวิชาวิศวกรรมคอมพิวเตอร์ 2560', 'วศ.บ.วิศวกรรมคอมพิวเตอร์ เทียบโอน', '0000-00-00', 'ชาย', '', '', 0, '0000-00-00 00:00:00', ''),
(31, 'นาย', 'มารุต', 'ใจปาละ', '60523206032-3', '', 'สำเร็จการศึกษา', 'วิศวกรรมศาสตรบัณฑิต สาขาวิชาวิศวกรรมคอมพิวเตอร์ 2560', 'วศ.บ.วิศวกรรมคอมพิวเตอร์ เทียบโอน', '0000-00-00', 'ชาย', '', '', 0, '0000-00-00 00:00:00', ''),
(32, 'นาย', 'วัชระ', 'แก้วก๋องคำ', '60523206033-1', '', 'สำเร็จการศึกษา', 'วิศวกรรมศาสตรบัณฑิต สาขาวิชาวิศวกรรมคอมพิวเตอร์ 2560', 'วศ.บ.วิศวกรรมคอมพิวเตอร์ เทียบโอน', '0000-00-00', 'ชาย', '', '', 0, '0000-00-00 00:00:00', ''),
(33, 'นาย', 'วิษณุ', 'สัญญาลักษณ์', '60523206034-9', '', 'สำเร็จการศึกษา', 'วิศวกรรมศาสตรบัณฑิต สาขาวิชาวิศวกรรมคอมพิวเตอร์ 2560', 'วศ.บ.วิศวกรรมคอมพิวเตอร์ เทียบโอน', '0000-00-00', 'ชาย', '', '', 0, '0000-00-00 00:00:00', ''),
(34, 'นาย', 'ศรัญ', 'ใจน้อย', '60523206035-6', '', 'สำเร็จการศึกษา', 'วิศวกรรมศาสตรบัณฑิต สาขาวิชาวิศวกรรมคอมพิวเตอร์ 2560', 'วศ.บ.วิศวกรรมคอมพิวเตอร์ เทียบโอน', '0000-00-00', 'ชาย', '', '', 0, '0000-00-00 00:00:00', ''),
(35, 'น.ส.', 'กฤษชญา', 'จี๋วิ', '60543206001-6', '', 'ถอนชื่อออก', 'วิศวกรรมศาสตรบัณฑิต สาขาวิชาวิศวกรรมคอมพิวเตอร์ 2560', 'วศ.บ.วิศวกรรมคอมพิวเตอร์ (4ปี)', '0000-00-00', 'หญิง', '', '', 0, '0000-00-00 00:00:00', ''),
(36, 'นาย', 'ชนาธิป', 'แซ่ย่าง', '60543206002-4', '', 'สำเร็จการศึกษา', 'วิศวกรรมศาสตรบัณฑิต สาขาวิชาวิศวกรรมคอมพิวเตอร์ 2560', 'วศ.บ.วิศวกรรมคอมพิวเตอร์ (4ปี)', '0000-00-00', 'ชาย', '', '', 0, '0000-00-00 00:00:00', ''),
(37, 'นาย', 'ชัชวาล', 'พรมมิธิกุล', '60543206003-2', '', 'พ้นสภาพไม่ผ่านเกณฑ์วัดผล', 'วิศวกรรมศาสตรบัณฑิต สาขาวิชาวิศวกรรมคอมพิวเตอร์ 2560', 'วศ.บ.วิศวกรรมคอมพิวเตอร์ (4ปี)', '0000-00-00', 'ชาย', '', '', 0, '0000-00-00 00:00:00', ''),
(38, 'น.ส.', 'ณิชกานต์', 'ใจสักเสริญ', '60543206004-0', '', 'ไม่มารายงานตัว', 'วิศวกรรมศาสตรบัณฑิต สาขาวิชาวิศวกรรมคอมพิวเตอร์ 2560', 'วศ.บ.วิศวกรรมคอมพิวเตอร์ (4ปี)', '0000-00-00', 'หญิง', '', '', 0, '0000-00-00 00:00:00', ''),
(39, 'นาย', 'นที', 'นันทภิรมย์โชติ', '60543206005-7', '', 'สำเร็จการศึกษา', 'วิศวกรรมศาสตรบัณฑิต สาขาวิชาวิศวกรรมคอมพิวเตอร์ 2560', 'วศ.บ.วิศวกรรมคอมพิวเตอร์ (4ปี)', '0000-00-00', 'ชาย', '', '', 0, '0000-00-00 00:00:00', ''),
(40, 'นาย', 'นรเทพ', 'เมืองอุดม', '60543206006-5', '', 'ไม่มารายงานตัว', 'วิศวกรรมศาสตรบัณฑิต สาขาวิชาวิศวกรรมคอมพิวเตอร์ 2560', 'วศ.บ.วิศวกรรมคอมพิวเตอร์ (4ปี)', '0000-00-00', 'ชาย', '', '', 0, '0000-00-00 00:00:00', ''),
(41, 'นาย', 'พงษ์พิริยะ', 'คิดหา', '60543206007-3', '', 'ถอนชื่อออก', 'วิศวกรรมศาสตรบัณฑิต สาขาวิชาวิศวกรรมคอมพิวเตอร์ 2560', 'วศ.บ.วิศวกรรมคอมพิวเตอร์ (4ปี)', '0000-00-00', 'ชาย', '', '', 0, '0000-00-00 00:00:00', ''),
(42, 'นาย', 'พัชรพล', 'พรหมจอม', '60543206008-1', '', 'ไม่มารายงานตัว', 'วิศวกรรมศาสตรบัณฑิต สาขาวิชาวิศวกรรมคอมพิวเตอร์ 2560', 'วศ.บ.วิศวกรรมคอมพิวเตอร์ (4ปี)', '0000-00-00', 'ชาย', '', '', 0, '0000-00-00 00:00:00', ''),
(43, 'นาย', 'พีรกิติย์', 'ชาญณรงค์', '60543206009-9', '', 'สำเร็จการศึกษา', 'วิศวกรรมศาสตรบัณฑิต สาขาวิชาวิศวกรรมคอมพิวเตอร์ 2560', 'วศ.บ.วิศวกรรมคอมพิวเตอร์ (4ปี)', '0000-00-00', 'ชาย', '', '', 0, '0000-00-00 00:00:00', ''),
(44, 'นาย', 'พุฒิพงศ์', 'ไชยแก้วเม', '60543206010-7', '', 'สำเร็จการศึกษา', 'วิศวกรรมศาสตรบัณฑิต สาขาวิชาวิศวกรรมคอมพิวเตอร์ 2560', 'วศ.บ.วิศวกรรมคอมพิวเตอร์ (4ปี)', '0000-00-00', 'ชาย', '', '', 0, '0000-00-00 00:00:00', ''),
(45, 'นาย', 'ภูวนัย', 'จาวยนต์', '60543206012-3', '', 'สำเร็จการศึกษา', 'วิศวกรรมศาสตรบัณฑิต สาขาวิชาวิศวกรรมคอมพิวเตอร์ 2560', 'วศ.บ.วิศวกรรมคอมพิวเตอร์ (4ปี)', '0000-00-00', 'ชาย', '', '', 0, '0000-00-00 00:00:00', ''),
(46, 'นาย', 'วุฒิกร', 'พรวิทยารัตน์', '60543206013-1', '', 'สำเร็จการศึกษา', 'วิศวกรรมศาสตรบัณฑิต สาขาวิชาวิศวกรรมคอมพิวเตอร์ 2560', 'วศ.บ.วิศวกรรมคอมพิวเตอร์ (4ปี)', '0000-00-00', 'ชาย', '', '', 0, '0000-00-00 00:00:00', ''),
(47, 'น.ส.', 'เกตธามาศ', 'จุมปา', '60543206014-9', '', 'สำเร็จการศึกษา', 'วิศวกรรมศาสตรบัณฑิต สาขาวิชาวิศวกรรมคอมพิวเตอร์ 2560', 'วศ.บ.วิศวกรรมคอมพิวเตอร์ (4ปี)', '0000-00-00', 'หญิง', '', '', 0, '0000-00-00 00:00:00', ''),
(48, 'นาย', 'เขมชาติ', 'กล้าเเข็ง', '60543206015-6', '', 'สำเร็จการศึกษา', 'วิศวกรรมศาสตรบัณฑิต สาขาวิชาวิศวกรรมคอมพิวเตอร์ 2560', 'วศ.บ.วิศวกรรมคอมพิวเตอร์ (4ปี)', '0000-00-00', 'ชาย', '', '', 0, '0000-00-00 00:00:00', ''),
(49, 'นาย', 'คชาชาญ', 'อ่อนสัมพันธ์', '60543206016-4', '', 'พ้นสภาพไม่ผ่านเกณฑ์วัดผล', 'วิศวกรรมศาสตรบัณฑิต สาขาวิชาวิศวกรรมคอมพิวเตอร์ 2560', 'วศ.บ.วิศวกรรมคอมพิวเตอร์ (4ปี)', '0000-00-00', 'ชาย', '', '', 0, '0000-00-00 00:00:00', ''),
(50, 'นาย', 'ฆนรุจ', 'ลาภสาธิต', '60543206017-2', '', 'สำเร็จการศึกษา', 'วิศวกรรมศาสตรบัณฑิต สาขาวิชาวิศวกรรมคอมพิวเตอร์ 2560', 'วศ.บ.วิศวกรรมคอมพิวเตอร์ (4ปี)', '0000-00-00', 'ชาย', '', '', 0, '0000-00-00 00:00:00', ''),
(51, 'นาย', 'ตุ้ย', 'นาวิน', '60543206018-0', '', 'พ้นสภาพไม่ผ่านเกณฑ์วัดผล', 'วิศวกรรมศาสตรบัณฑิต สาขาวิชาวิศวกรรมคอมพิวเตอร์ 2560', 'วศ.บ.วิศวกรรมคอมพิวเตอร์ (4ปี)', '0000-00-00', 'ชาย', '', '', 0, '0000-00-00 00:00:00', ''),
(52, 'น.ส.', 'ธัญญรัตน์', 'ปาลี', '60543206020-6', '', 'สำเร็จการศึกษา', 'วิศวกรรมศาสตรบัณฑิต สาขาวิชาวิศวกรรมคอมพิวเตอร์ 2560', 'วศ.บ.วิศวกรรมคอมพิวเตอร์ (4ปี)', '0000-00-00', 'หญิง', '', '', 0, '0000-00-00 00:00:00', ''),
(53, 'นาย', 'ธีรนัย', 'ธรรมวงค์', '60543206021-4', '', 'พ้นสภาพไม่ผ่านเกณฑ์วัดผล', 'วิศวกรรมศาสตรบัณฑิต สาขาวิชาวิศวกรรมคอมพิวเตอร์ 2560', 'วศ.บ.วิศวกรรมคอมพิวเตอร์ (4ปี)', '0000-00-00', 'ชาย', '', '', 0, '0000-00-00 00:00:00', ''),
(54, 'นาย', 'นฤเบศ', 'ถาพิวงค์', '60543206022-2', '', 'พ้นสภาพไม่ผ่านเกณฑ์วัดผล', 'วิศวกรรมศาสตรบัณฑิต สาขาวิชาวิศวกรรมคอมพิวเตอร์ 2560', 'วศ.บ.วิศวกรรมคอมพิวเตอร์ (4ปี)', '0000-00-00', 'ชาย', '', '', 0, '0000-00-00 00:00:00', ''),
(55, 'นาย', 'นันทวัฒน์', 'สุขคุ้ม', '60543206023-0', '', 'พ้นสภาพไม่ผ่านเกณฑ์วัดผล', 'วิศวกรรมศาสตรบัณฑิต สาขาวิชาวิศวกรรมคอมพิวเตอร์ 2560', 'วศ.บ.วิศวกรรมคอมพิวเตอร์ (4ปี)', '0000-00-00', 'ชาย', '', '', 0, '0000-00-00 00:00:00', ''),
(56, 'นาย', 'นันทศักดิ์', 'สมรรถสินวณิช', '60543206024-8', '', 'พ้นสภาพไม่ผ่านเกณฑ์วัดผล', 'วิศวกรรมศาสตรบัณฑิต สาขาวิชาวิศวกรรมคอมพิวเตอร์ 2560', 'วศ.บ.วิศวกรรมคอมพิวเตอร์ (4ปี)', '0000-00-00', 'ชาย', '', '', 0, '0000-00-00 00:00:00', ''),
(57, 'นาย', 'นิติธร', 'อิ่นคำ', '60543206025-5', '', 'สำเร็จการศึกษา', 'วิศวกรรมศาสตรบัณฑิต สาขาวิชาวิศวกรรมคอมพิวเตอร์ 2560', 'วศ.บ.วิศวกรรมคอมพิวเตอร์ (4ปี)', '0000-00-00', 'ชาย', '', '', 0, '0000-00-00 00:00:00', ''),
(58, 'นาย', 'บุรัสกร', 'พงษ์สนั่น', '60543206026-3', '', 'สำเร็จการศึกษา', 'วิศวกรรมศาสตรบัณฑิต สาขาวิชาวิศวกรรมคอมพิวเตอร์ 2560', 'วศ.บ.วิศวกรรมคอมพิวเตอร์ (4ปี)', '0000-00-00', 'ชาย', '', '', 0, '0000-00-00 00:00:00', ''),
(59, 'นาย', 'บูรณศักดิ์', 'หาญนำผลดี', '60543206027-1', '', 'สำเร็จการศึกษา', 'วิศวกรรมศาสตรบัณฑิต สาขาวิชาวิศวกรรมคอมพิวเตอร์ 2560', 'วศ.บ.วิศวกรรมคอมพิวเตอร์ (4ปี)', '0000-00-00', 'ชาย', '', '', 0, '0000-00-00 00:00:00', ''),
(60, 'นาย', 'พชรดนัย', 'เทพแก้ว', '60543206029-7', '', 'สำเร็จการศึกษา', 'วิศวกรรมศาสตรบัณฑิต สาขาวิชาวิศวกรรมคอมพิวเตอร์ 2560', 'วศ.บ.วิศวกรรมคอมพิวเตอร์ (4ปี)', '0000-00-00', 'ชาย', '', '', 0, '0000-00-00 00:00:00', ''),
(61, 'น.ส.', 'พัชราภรณ์', 'ประดิษฐ', '60543206030-5', '', 'พ้นสภาพไม่ผ่านเกณฑ์วัดผล', 'วิศวกรรมศาสตรบัณฑิต สาขาวิชาวิศวกรรมคอมพิวเตอร์ 2560', 'วศ.บ.วิศวกรรมคอมพิวเตอร์ (4ปี)', '0000-00-00', 'หญิง', '', '', 0, '0000-00-00 00:00:00', ''),
(62, 'นาย', 'พีรภาส', 'กุลศิริพงษ์พันธุ์', '60543206031-3', '', 'สำเร็จการศึกษา', 'วิศวกรรมศาสตรบัณฑิต สาขาวิชาวิศวกรรมคอมพิวเตอร์ 2560', 'วศ.บ.วิศวกรรมคอมพิวเตอร์ (4ปี)', '0000-00-00', 'ชาย', '', '', 0, '0000-00-00 00:00:00', ''),
(63, 'นาย', 'พีรวัฒน์', 'มาสีทวีทรัพย์', '60543206032-1', '', 'พ้นสภาพไม่ผ่านเกณฑ์วัดผล', 'วิศวกรรมศาสตรบัณฑิต สาขาวิชาวิศวกรรมคอมพิวเตอร์ 2560', 'วศ.บ.วิศวกรรมคอมพิวเตอร์ (4ปี)', '0000-00-00', 'ชาย', '', '', 0, '0000-00-00 00:00:00', ''),
(64, 'น.ส.', 'รวิวรรณ', 'วงค์ประเสริฐ', '60543206033-9', '', 'สำเร็จการศึกษา', 'วิศวกรรมศาสตรบัณฑิต สาขาวิชาวิศวกรรมคอมพิวเตอร์ 2560', 'วศ.บ.วิศวกรรมคอมพิวเตอร์ (4ปี)', '0000-00-00', 'หญิง', '', '', 0, '0000-00-00 00:00:00', ''),
(65, 'นาย', 'รัชภูมิ', 'ศรลัมพ์', '60543206034-7', '', 'ปกติ', 'วิศวกรรมศาสตรบัณฑิต สาขาวิชาวิศวกรรมคอมพิวเตอร์ 2560', 'วศ.บ.วิศวกรรมคอมพิวเตอร์ (4ปี)', '0000-00-00', 'ชาย', '', '', 0, '0000-00-00 00:00:00', ''),
(66, 'นาย', 'ศรายุทธ', 'มูลยะ', '60543206036-2', '', 'ถอนชื่อออก', 'วิศวกรรมศาสตรบัณฑิต สาขาวิชาวิศวกรรมคอมพิวเตอร์ 2560', 'วศ.บ.วิศวกรรมคอมพิวเตอร์ (4ปี)', '0000-00-00', 'ชาย', '', '', 0, '0000-00-00 00:00:00', ''),
(67, 'นาย', 'สมชาย', 'หนานแสง', '60543206037-0', '', 'ปกติ', 'วิศวกรรมศาสตรบัณฑิต สาขาวิชาวิศวกรรมคอมพิวเตอร์ 2560', 'วศ.บ.วิศวกรรมคอมพิวเตอร์ (4ปี)', '0000-00-00', 'ชาย', '', '', 0, '0000-00-00 00:00:00', ''),
(68, 'น.ส.', 'ถิรดา', 'ทิน้อย', '60543206040-4', '', 'สำเร็จการศึกษา', 'วิศวกรรมศาสตรบัณฑิต สาขาวิชาวิศวกรรมคอมพิวเตอร์ 2560', 'วศ.บ.วิศวกรรมคอมพิวเตอร์ (4ปี)', '0000-00-00', 'หญิง', '', '', 0, '0000-00-00 00:00:00', ''),
(69, 'นาย', 'พัฒนันท์', 'ดวงแก้ว', '60543206041-2', '', 'ปกติ', 'วิศวกรรมศาสตรบัณฑิต สาขาวิชาวิศวกรรมคอมพิวเตอร์ 2560', 'วศ.บ.วิศวกรรมคอมพิวเตอร์ (4ปี)', '0000-00-00', 'ชาย', '', '', 0, '0000-00-00 00:00:00', ''),
(70, 'นาย', 'สรวิศ', 'ทิพยเนตร', '60543206042-0', '', 'ปกติ', 'วิศวกรรมศาสตรบัณฑิต สาขาวิชาวิศวกรรมคอมพิวเตอร์ 2560', 'วศ.บ.วิศวกรรมคอมพิวเตอร์ (4ปี)', '0000-00-00', 'ชาย', '', '', 0, '0000-00-00 00:00:00', ''),
(71, 'นาย', 'ศิวกร', 'ภู่แส', '61523206001-7', '', 'ปกติ', 'วิศวกรรมศาสตรบัณฑิต สาขาวิชาวิศวกรรมคอมพิวเตอร์ 2560', 'วศ.บ.วิศวกรรมคอมพิวเตอร์ เทียบโอน', '0000-00-00', 'ชาย', '', '', 0, '0000-00-00 00:00:00', ''),
(72, 'นาย', 'เศรษฐี', 'โกช่วย', '61523206002-5', '', 'ปกติ', 'วิศวกรรมศาสตรบัณฑิต สาขาวิชาวิศวกรรมคอมพิวเตอร์ 2560', 'วศ.บ.วิศวกรรมคอมพิวเตอร์ เทียบโอน', '0000-00-00', 'ชาย', '', '', 0, '0000-00-00 00:00:00', ''),
(73, 'นาย', 'เจตรินทร์', 'ขันนันตะ', '61523206004-1', '', 'ปกติ', 'วิศวกรรมศาสตรบัณฑิต สาขาวิชาวิศวกรรมคอมพิวเตอร์ 2560', 'วศ.บ.วิศวกรรมคอมพิวเตอร์ เทียบโอน', '0000-00-00', 'ชาย', '', '', 0, '0000-00-00 00:00:00', ''),
(74, 'นาย', 'นัทมณฑ์', 'คอมสูงเนิน', '61523206005-8', '', 'ปกติ', 'วิศวกรรมศาสตรบัณฑิต สาขาวิชาวิศวกรรมคอมพิวเตอร์ 2560', 'วศ.บ.วิศวกรรมคอมพิวเตอร์ เทียบโอน', '0000-00-00', 'ชาย', '', '', 0, '0000-00-00 00:00:00', ''),
(75, 'นาย', 'วุฒินันท์', 'คำปวน', '61523206006-6', '', 'สำเร็จการศึกษา', 'วิศวกรรมศาสตรบัณฑิต สาขาวิชาวิศวกรรมคอมพิวเตอร์ 2560', 'วศ.บ.วิศวกรรมคอมพิวเตอร์ เทียบโอน', '0000-00-00', 'ชาย', '', '', 0, '0000-00-00 00:00:00', ''),
(76, 'นาย', 'ศตายุ', 'แก้วบุญเรือง', '61523206007-4', '', 'ปกติ', 'วิศวกรรมศาสตรบัณฑิต สาขาวิชาวิศวกรรมคอมพิวเตอร์ 2560', 'วศ.บ.วิศวกรรมคอมพิวเตอร์ เทียบโอน', '0000-00-00', 'ชาย', '', '', 0, '0000-00-00 00:00:00', ''),
(77, 'นาย', 'อนุชา', 'ลือราช', '61523206008-2', '', 'สำเร็จการศึกษา', 'วิศวกรรมศาสตรบัณฑิต สาขาวิชาวิศวกรรมคอมพิวเตอร์ 2560', 'วศ.บ.วิศวกรรมคอมพิวเตอร์ เทียบโอน', '0000-00-00', 'ชาย', '', '', 0, '0000-00-00 00:00:00', ''),
(78, 'นาย', 'เสฎฐวุฒิ', 'ฐิติธัญญา', '61523206009-0', '', 'ปกติ', 'วิศวกรรมศาสตรบัณฑิต สาขาวิชาวิศวกรรมคอมพิวเตอร์ 2560', 'วศ.บ.วิศวกรรมคอมพิวเตอร์ เทียบโอน', '0000-00-00', 'ชาย', '', '', 0, '0000-00-00 00:00:00', ''),
(79, 'นาย', 'กษิณ', 'จิตรเจริญ', '61523206010-8', '', 'ปกติ', 'วิศวกรรมศาสตรบัณฑิต สาขาวิชาวิศวกรรมคอมพิวเตอร์ 2560', 'วศ.บ.วิศวกรรมคอมพิวเตอร์ เทียบโอน', '0000-00-00', 'ชาย', '', '', 0, '0000-00-00 00:00:00', ''),
(80, 'นาย', 'กษิดิ์เดช', 'เปรมทอง', '61523206011-6', '', 'ปกติ', 'วิศวกรรมศาสตรบัณฑิต สาขาวิชาวิศวกรรมคอมพิวเตอร์ 2560', 'วศ.บ.วิศวกรรมคอมพิวเตอร์ เทียบโอน', '0000-00-00', 'ชาย', '', '', 0, '0000-00-00 00:00:00', ''),
(81, 'นาย', 'กิตติพงศ์', 'พงภะเดิม', '61523206012-4', '', 'พ้นสภาพไม่ผ่านเกณฑ์วัดผล', 'วิศวกรรมศาสตรบัณฑิต สาขาวิชาวิศวกรรมคอมพิวเตอร์ 2560', 'วศ.บ.วิศวกรรมคอมพิวเตอร์ เทียบโอน', '0000-00-00', 'ชาย', '', '', 0, '0000-00-00 00:00:00', ''),
(82, 'นาย', 'กิตติพงศ์', 'ปาละธรรม', '61523206013-2', '', 'ปกติ', 'วิศวกรรมศาสตรบัณฑิต สาขาวิชาวิศวกรรมคอมพิวเตอร์ 2560', 'วศ.บ.วิศวกรรมคอมพิวเตอร์ เทียบโอน', '0000-00-00', 'ชาย', '', '', 0, '0000-00-00 00:00:00', ''),
(83, 'นาย', 'จักรกฤษณ์', 'สายนวล', '61523206014-0', '', 'ปกติ', 'วิศวกรรมศาสตรบัณฑิต สาขาวิชาวิศวกรรมคอมพิวเตอร์ 2560', 'วศ.บ.วิศวกรรมคอมพิวเตอร์ เทียบโอน', '0000-00-00', 'ชาย', '', '', 0, '0000-00-00 00:00:00', ''),
(84, 'นาย', 'จีระ', 'ทิพย์รัตน์', '61523206015-7', '', 'ปกติ', 'วิศวกรรมศาสตรบัณฑิต สาขาวิชาวิศวกรรมคอมพิวเตอร์ 2560', 'วศ.บ.วิศวกรรมคอมพิวเตอร์ เทียบโอน', '0000-00-00', 'ชาย', '', '', 0, '0000-00-00 00:00:00', ''),
(85, 'นาย', 'ดลลัชนัย', 'คีรีวงศ์', '61523206016-5', '', 'ปกติ', 'วิศวกรรมศาสตรบัณฑิต สาขาวิชาวิศวกรรมคอมพิวเตอร์ 2560', 'วศ.บ.วิศวกรรมคอมพิวเตอร์ เทียบโอน', '0000-00-00', 'ชาย', '', '', 0, '0000-00-00 00:00:00', ''),
(86, 'นาย', 'ธนทัต', 'เปรมประสิทธิ์', '61523206017-3', '', 'ปกติ', 'วิศวกรรมศาสตรบัณฑิต สาขาวิชาวิศวกรรมคอมพิวเตอร์ 2560', 'วศ.บ.วิศวกรรมคอมพิวเตอร์ เทียบโอน', '0000-00-00', 'ชาย', '', '', 0, '0000-00-00 00:00:00', ''),
(87, 'นาย', 'ธนวัฒน์', 'วรรณราช', '61523206018-1', '', 'พ้นสภาพไม่ผ่านเกณฑ์วัดผล', 'วิศวกรรมศาสตรบัณฑิต สาขาวิชาวิศวกรรมคอมพิวเตอร์ 2560', 'วศ.บ.วิศวกรรมคอมพิวเตอร์ เทียบโอน', '0000-00-00', 'ชาย', '', '', 0, '0000-00-00 00:00:00', ''),
(88, 'นาย', 'ธวัชชัย', 'คำอ้าย', '61523206019-9', '', 'ปกติ', 'วิศวกรรมศาสตรบัณฑิต สาขาวิชาวิศวกรรมคอมพิวเตอร์ 2560', 'วศ.บ.วิศวกรรมคอมพิวเตอร์ เทียบโอน', '0000-00-00', 'ชาย', '', '', 0, '0000-00-00 00:00:00', ''),
(89, 'นาย', 'นพดล', 'เขื่อนเมือง', '61523206020-7', '', 'ปกติ', 'วิศวกรรมศาสตรบัณฑิต สาขาวิชาวิศวกรรมคอมพิวเตอร์ 2560', 'วศ.บ.วิศวกรรมคอมพิวเตอร์ เทียบโอน', '0000-00-00', 'ชาย', '', '', 0, '0000-00-00 00:00:00', ''),
(90, 'น.ส.', 'นิธิพร', 'เป็งวัง', '61523206022-3', '', 'ปกติ', 'วิศวกรรมศาสตรบัณฑิต สาขาวิชาวิศวกรรมคอมพิวเตอร์ 2560', 'วศ.บ.วิศวกรรมคอมพิวเตอร์ เทียบโอน', '0000-00-00', 'หญิง', '', '', 0, '0000-00-00 00:00:00', ''),
(91, 'นาย', 'นิธิศ', 'ดวงดอก', '61523206023-1', '', 'ปกติ', 'วิศวกรรมศาสตรบัณฑิต สาขาวิชาวิศวกรรมคอมพิวเตอร์ 2560', 'วศ.บ.วิศวกรรมคอมพิวเตอร์ เทียบโอน', '0000-00-00', 'ชาย', '', '', 0, '0000-00-00 00:00:00', ''),
(92, 'นาย', 'พิพัฒน์พงศ์', 'ศรีทะ', '61523206024-9', '', 'ปกติ', 'วิศวกรรมศาสตรบัณฑิต สาขาวิชาวิศวกรรมคอมพิวเตอร์ 2560', 'วศ.บ.วิศวกรรมคอมพิวเตอร์ เทียบโอน', '0000-00-00', 'ชาย', '', '', 0, '0000-00-00 00:00:00', ''),
(93, 'นาย', 'ภานุวัฒน์', 'กาวิละ', '61523206025-6', '', 'สำเร็จการศึกษา', 'วิศวกรรมศาสตรบัณฑิต สาขาวิชาวิศวกรรมคอมพิวเตอร์ 2560', 'วศ.บ.วิศวกรรมคอมพิวเตอร์ เทียบโอน', '0000-00-00', 'ชาย', '', '', 0, '0000-00-00 00:00:00', ''),
(94, 'นาย', 'รัชชานนท์', 'ปลื้มมนัส', '61523206027-2', '', 'สำเร็จการศึกษา', 'วิศวกรรมศาสตรบัณฑิต สาขาวิชาวิศวกรรมคอมพิวเตอร์ 2560', 'วศ.บ.วิศวกรรมคอมพิวเตอร์ เทียบโอน', '0000-00-00', 'ชาย', '', '', 0, '0000-00-00 00:00:00', ''),
(95, 'นาย', 'วชิระวุฒิ', 'สารีมุข', '61523206028-0', '', 'ถอนชื่อออก', 'วิศวกรรมศาสตรบัณฑิต สาขาวิชาวิศวกรรมคอมพิวเตอร์ 2560', 'วศ.บ.วิศวกรรมคอมพิวเตอร์ เทียบโอน', '0000-00-00', 'ชาย', '', '', 0, '0000-00-00 00:00:00', ''),
(96, 'นาย', 'วศิน', 'เดชประทุมวัน', '61523206029-8', '', 'ปกติ', 'วิศวกรรมศาสตรบัณฑิต สาขาวิชาวิศวกรรมคอมพิวเตอร์ 2560', 'วศ.บ.วิศวกรรมคอมพิวเตอร์ เทียบโอน', '0000-00-00', 'ชาย', '', '', 0, '0000-00-00 00:00:00', ''),
(97, 'นาย', 'วัฒนพงศ์', 'ทิพย์อุ่น', '61523206030-6', '', 'ปกติ', 'วิศวกรรมศาสตรบัณฑิต สาขาวิชาวิศวกรรมคอมพิวเตอร์ 2560', 'วศ.บ.วิศวกรรมคอมพิวเตอร์ เทียบโอน', '0000-00-00', 'ชาย', '', '', 0, '0000-00-00 00:00:00', ''),
(98, 'นาย', 'สุรชาติ', 'เรือนแก้ว', '61523206031-4', '', 'ปกติ', 'วิศวกรรมศาสตรบัณฑิต สาขาวิชาวิศวกรรมคอมพิวเตอร์ 2560', 'วศ.บ.วิศวกรรมคอมพิวเตอร์ เทียบโอน', '0000-00-00', 'ชาย', '', '', 0, '0000-00-00 00:00:00', ''),
(99, 'นาย', 'หฤษฎ์', 'พรหมศรี', '61523206032-2', '', 'สำเร็จการศึกษา', 'วิศวกรรมศาสตรบัณฑิต สาขาวิชาวิศวกรรมคอมพิวเตอร์ 2560', 'วศ.บ.วิศวกรรมคอมพิวเตอร์ เทียบโอน', '0000-00-00', 'ชาย', '', '', 0, '0000-00-00 00:00:00', ''),
(100, 'นาย', 'อนันต์', 'สุขมี', '61523206033-0', '', 'ปกติ', 'วิศวกรรมศาสตรบัณฑิต สาขาวิชาวิศวกรรมคอมพิวเตอร์ 2560', 'วศ.บ.วิศวกรรมคอมพิวเตอร์ เทียบโอน', '0000-00-00', 'ชาย', '', '', 0, '0000-00-00 00:00:00', ''),
(101, 'นาย', 'อนันตชัย', 'พรมงาม', '61523206034-8', '', 'ปกติ', 'วิศวกรรมศาสตรบัณฑิต สาขาวิชาวิศวกรรมคอมพิวเตอร์ 2560', 'วศ.บ.วิศวกรรมคอมพิวเตอร์ เทียบโอน', '0000-00-00', 'ชาย', '', '', 0, '0000-00-00 00:00:00', ''),
(102, 'นาย', 'อภิภู', 'ตุทานนท์', '61523206035-5', '', 'พ้นสภาพไม่ผ่านเกณฑ์วัดผล', 'วิศวกรรมศาสตรบัณฑิต สาขาวิชาวิศวกรรมคอมพิวเตอร์ 2560', 'วศ.บ.วิศวกรรมคอมพิวเตอร์ เทียบโอน', '0000-00-00', 'ชาย', '', '', 0, '0000-00-00 00:00:00', ''),
(103, 'นาย', 'ปองพล', 'กันธะณะ', '61523206036-3', '', 'ปกติ', 'วิศวกรรมศาสตรบัณฑิต สาขาวิชาวิศวกรรมคอมพิวเตอร์ 2560', 'วศ.บ.วิศวกรรมคอมพิวเตอร์ เทียบโอน', '0000-00-00', 'ชาย', '', '', 0, '0000-00-00 00:00:00', ''),
(104, 'นาย', 'กรพิทักญ์', 'กรรณิกา', '61543206001-5', '', 'สำเร็จการศึกษา', 'วิศวกรรมศาสตรบัณฑิต สาขาวิชาวิศวกรรมคอมพิวเตอร์ 2560', 'วศ.บ.วิศวกรรมคอมพิวเตอร์ (4ปี)', '0000-00-00', 'ชาย', '', '', 0, '0000-00-00 00:00:00', ''),
(105, 'นาย', 'กัมปนาท', 'ปันดอนตอง', '61543206002-3', '', 'ปกติ', 'วิศวกรรมศาสตรบัณฑิต สาขาวิชาวิศวกรรมคอมพิวเตอร์ 2560', 'วศ.บ.วิศวกรรมคอมพิวเตอร์ (4ปี)', '0000-00-00', 'ชาย', '', '', 0, '0000-00-00 00:00:00', ''),
(106, 'นาย', 'ปรากฎการณ์', 'โพธิ์ชม', '61543206003-1', '', 'ปกติ', 'วิศวกรรมศาสตรบัณฑิต สาขาวิชาวิศวกรรมคอมพิวเตอร์ 2560', 'วศ.บ.วิศวกรรมคอมพิวเตอร์ (4ปี)', '0000-00-00', 'ชาย', '', '', 0, '0000-00-00 00:00:00', ''),
(107, 'นาย', 'พชร', 'ตันเมืองมา', '61543206004-9', '', 'สำเร็จการศึกษา', 'วิศวกรรมศาสตรบัณฑิต สาขาวิชาวิศวกรรมคอมพิวเตอร์ 2560', 'วศ.บ.วิศวกรรมคอมพิวเตอร์ (4ปี)', '0000-00-00', 'ชาย', '', '', 0, '0000-00-00 00:00:00', ''),
(108, 'นาย', 'ชาญณรงค์', 'คำคันทุง', '61543206005-6', '', 'ปกติ', 'วิศวกรรมศาสตรบัณฑิต สาขาวิชาวิศวกรรมคอมพิวเตอร์ 2560', 'วศ.บ.วิศวกรรมคอมพิวเตอร์ (4ปี)', '0000-00-00', 'ชาย', '', '', 0, '0000-00-00 00:00:00', ''),
(109, 'นาย', 'ณัฐพงษ์', 'ตั้งชัยพัฒน์', '61543206006-4', '', 'ปกติ', 'วิศวกรรมศาสตรบัณฑิต สาขาวิชาวิศวกรรมคอมพิวเตอร์ 2560', 'วศ.บ.วิศวกรรมคอมพิวเตอร์ (4ปี)', '0000-00-00', 'ชาย', '', '', 0, '0000-00-00 00:00:00', ''),
(110, 'นาย', 'ณัฐวัฒน์', 'มะโนกิจ', '61543206007-2', '', 'สำเร็จการศึกษา', 'วิศวกรรมศาสตรบัณฑิต สาขาวิชาวิศวกรรมคอมพิวเตอร์ 2560', 'วศ.บ.วิศวกรรมคอมพิวเตอร์ (4ปี)', '0000-00-00', 'ชาย', '', '', 0, '0000-00-00 00:00:00', ''),
(111, 'นาย', 'ธนกฤต', 'แซ่จ๋าว', '61543206008-0', '', 'สำเร็จการศึกษา', 'วิศวกรรมศาสตรบัณฑิต สาขาวิชาวิศวกรรมคอมพิวเตอร์ 2560', 'วศ.บ.วิศวกรรมคอมพิวเตอร์ (4ปี)', '0000-00-00', 'ชาย', '', '', 0, '0000-00-00 00:00:00', ''),
(112, 'น.ส.', 'สโรชา', 'ลุงคำ', '61543206009-8', '', 'ถอนชื่อออก', 'วิศวกรรมศาสตรบัณฑิต สาขาวิชาวิศวกรรมคอมพิวเตอร์ 2560', 'วศ.บ.วิศวกรรมคอมพิวเตอร์ (4ปี)', '0000-00-00', 'หญิง', '', '', 0, '0000-00-00 00:00:00', ''),
(113, 'นาย', 'กษิดิศวร์', 'ธรรมชัย', '61543206010-6', '', 'ถอนชื่อออก', 'วิศวกรรมศาสตรบัณฑิต สาขาวิชาวิศวกรรมคอมพิวเตอร์ 2560', 'วศ.บ.วิศวกรรมคอมพิวเตอร์ (4ปี)', '0000-00-00', 'ชาย', '', '', 0, '0000-00-00 00:00:00', ''),
(114, 'นาย', 'คุณาธรณ์', 'ไชยเพียร', '61543206011-4', '', 'ปกติ', 'วิศวกรรมศาสตรบัณฑิต สาขาวิชาวิศวกรรมคอมพิวเตอร์ 2560', 'วศ.บ.วิศวกรรมคอมพิวเตอร์ (4ปี)', '0000-00-00', 'ชาย', '', '', 0, '0000-00-00 00:00:00', ''),
(115, 'นาย', 'ธนบดี', 'ใจวังเย็น', '61543206012-2', '', 'ถอนชื่อออก', 'วิศวกรรมศาสตรบัณฑิต สาขาวิชาวิศวกรรมคอมพิวเตอร์ 2560', 'วศ.บ.วิศวกรรมคอมพิวเตอร์ (4ปี)', '0000-00-00', 'ชาย', '', '', 0, '0000-00-00 00:00:00', ''),
(116, 'นาย', 'ธราเทพ', 'แสงสว่าง', '61543206013-0', '', 'ปกติ', 'วิศวกรรมศาสตรบัณฑิต สาขาวิชาวิศวกรรมคอมพิวเตอร์ 2560', 'วศ.บ.วิศวกรรมคอมพิวเตอร์ (4ปี)', '0000-00-00', 'ชาย', '', '', 0, '0000-00-00 00:00:00', ''),
(117, 'นาย', 'นนธวัช', 'มาทอง', '61543206014-8', '', 'ปกติ', 'วิศวกรรมศาสตรบัณฑิต สาขาวิชาวิศวกรรมคอมพิวเตอร์ 2560', 'วศ.บ.วิศวกรรมคอมพิวเตอร์ (4ปี)', '0000-00-00', 'ชาย', '', '', 0, '0000-00-00 00:00:00', ''),
(118, 'นาย', 'นวมินทร์', 'นันตี', '61543206015-5', '', 'พ้นสภาพไม่ผ่านเกณฑ์วัดผล', 'วิศวกรรมศาสตรบัณฑิต สาขาวิชาวิศวกรรมคอมพิวเตอร์ 2560', 'วศ.บ.วิศวกรรมคอมพิวเตอร์ (4ปี)', '0000-00-00', 'ชาย', '', '', 0, '0000-00-00 00:00:00', ''),
(119, 'นาย', 'นิติธร', 'ขันติธนะวุฒิ', '61543206016-3', '', 'ปกติ', 'วิศวกรรมศาสตรบัณฑิต สาขาวิชาวิศวกรรมคอมพิวเตอร์ 2560', 'วศ.บ.วิศวกรรมคอมพิวเตอร์ (4ปี)', '0000-00-00', 'ชาย', '', '', 0, '0000-00-00 00:00:00', ''),
(120, 'นาย', 'ปวรุตม์', 'ทรงพระคุณ', '61543206017-1', '', 'พ้นสภาพไม่ผ่านเกณฑ์วัดผล', 'วิศวกรรมศาสตรบัณฑิต สาขาวิชาวิศวกรรมคอมพิวเตอร์ 2560', 'วศ.บ.วิศวกรรมคอมพิวเตอร์ (4ปี)', '0000-00-00', 'ชาย', '', '', 0, '0000-00-00 00:00:00', ''),
(121, 'นาย', 'ปิยทัศน์', 'วัฒนถาวร', '61543206018-9', '', 'พ้นสภาพไม่ผ่านเกณฑ์วัดผล', 'วิศวกรรมศาสตรบัณฑิต สาขาวิชาวิศวกรรมคอมพิวเตอร์ 2560', 'วศ.บ.วิศวกรรมคอมพิวเตอร์ (4ปี)', '0000-00-00', 'ชาย', '', '', 0, '0000-00-00 00:00:00', ''),
(122, 'นาย', 'พัฒนพงศ์', 'ธรรมวงศ์', '61543206019-7', '', 'ถอนชื่อออก', 'วิศวกรรมศาสตรบัณฑิต สาขาวิชาวิศวกรรมคอมพิวเตอร์ 2560', 'วศ.บ.วิศวกรรมคอมพิวเตอร์ (4ปี)', '0000-00-00', 'ชาย', '', '', 0, '0000-00-00 00:00:00', ''),
(123, 'นาย', 'พิธิวัฒน์', 'พรมนิมิตร', '61543206020-5', '', 'สำเร็จการศึกษา', 'วิศวกรรมศาสตรบัณฑิต สาขาวิชาวิศวกรรมคอมพิวเตอร์ 2560', 'วศ.บ.วิศวกรรมคอมพิวเตอร์ (4ปี)', '0000-00-00', 'ชาย', '', '', 0, '0000-00-00 00:00:00', ''),
(124, 'นาย', 'ภาสกร', 'บุญทาศรี', '61543206021-3', '', 'ปกติ', 'วิศวกรรมศาสตรบัณฑิต สาขาวิชาวิศวกรรมคอมพิวเตอร์ 2560', 'วศ.บ.วิศวกรรมคอมพิวเตอร์ (4ปี)', '0000-00-00', 'ชาย', '', '', 0, '0000-00-00 00:00:00', ''),
(125, 'นาย', 'วัชรพงศ์', 'ผิวสลิด', '61543206023-9', '', 'พ้นสภาพไม่ผ่านเกณฑ์วัดผล', 'วิศวกรรมศาสตรบัณฑิต สาขาวิชาวิศวกรรมคอมพิวเตอร์ 2560', 'วศ.บ.วิศวกรรมคอมพิวเตอร์ (4ปี)', '0000-00-00', 'ชาย', '', '', 0, '0000-00-00 00:00:00', ''),
(126, 'นาย', 'ศิวัช', 'ช่วยเจริญ', '61543206024-7', '', 'ปกติ', 'วิศวกรรมศาสตรบัณฑิต สาขาวิชาวิศวกรรมคอมพิวเตอร์ 2560', 'วศ.บ.วิศวกรรมคอมพิวเตอร์ (4ปี)', '0000-00-00', 'ชาย', '', '', 0, '0000-00-00 00:00:00', ''),
(127, 'นาย', 'อนุชิต', 'ดวงปันสิงห์', '61543206025-4', '', 'พ้นสภาพไม่ผ่านเกณฑ์วัดผล', 'วิศวกรรมศาสตรบัณฑิต สาขาวิชาวิศวกรรมคอมพิวเตอร์ 2560', 'วศ.บ.วิศวกรรมคอมพิวเตอร์ (4ปี)', '0000-00-00', 'ชาย', '', '', 0, '0000-00-00 00:00:00', ''),
(128, 'นาย', 'กิตติศักดิ์', 'วงษ์สุนทร', '61543206026-2', '', 'ปกติ', 'วิศวกรรมศาสตรบัณฑิต สาขาวิชาวิศวกรรมคอมพิวเตอร์ 2560', 'วศ.บ.วิศวกรรมคอมพิวเตอร์ (4ปี)', '0000-00-00', 'ชาย', '', '', 0, '0000-00-00 00:00:00', ''),
(129, 'น.ส.', 'บุษบาบรรณ', 'เขียวใหม่', '61543206027-0', '', 'ปกติ', 'วิศวกรรมศาสตรบัณฑิต สาขาวิชาวิศวกรรมคอมพิวเตอร์ 2560', 'วศ.บ.วิศวกรรมคอมพิวเตอร์ (4ปี)', '0000-00-00', 'หญิง', '', '', 0, '0000-00-00 00:00:00', ''),
(130, 'นาย', 'ปฐพี', 'พิมพ์ทนต์', '61543206028-8', '', 'พ้นสภาพไม่ผ่านเกณฑ์วัดผล', 'วิศวกรรมศาสตรบัณฑิต สาขาวิชาวิศวกรรมคอมพิวเตอร์ 2560', 'วศ.บ.วิศวกรรมคอมพิวเตอร์ (4ปี)', '0000-00-00', 'ชาย', '', '', 0, '0000-00-00 00:00:00', ''),
(131, 'นาย', 'วุฒิพงศ์', 'สุนทรานนท์', '61543206029-6', '', 'ลาออก', 'วิศวกรรมศาสตรบัณฑิต สาขาวิชาวิศวกรรมคอมพิวเตอร์ 2560', 'วศ.บ.วิศวกรรมคอมพิวเตอร์ (4ปี)', '0000-00-00', 'ชาย', '', '', 0, '0000-00-00 00:00:00', ''),
(132, 'นาย', 'คุณานนท์', 'ธิมา', '62523206001-6', '', 'ปกติ', 'วิศวกรรมศาสตรบัณฑิต สาขาวิชาวิศวกรรมคอมพิวเตอร์ 2560', 'วศ.บ.วิศวกรรมคอมพิวเตอร์ เทียบโอน', '0000-00-00', 'ชาย', '', '', 0, '0000-00-00 00:00:00', ''),
(133, 'นาย', 'จิรกฤต', 'มูละจงกล', '62523206002-4', '', 'ปกติ', 'วิศวกรรมศาสตรบัณฑิต สาขาวิชาวิศวกรรมคอมพิวเตอร์ 2560', 'วศ.บ.วิศวกรรมคอมพิวเตอร์ เทียบโอน', '0000-00-00', 'ชาย', '', '', 0, '0000-00-00 00:00:00', ''),
(134, 'นาย', 'ณรงค์กร', 'บุญสม', '62523206003-2', '', 'ถอนชื่อออก', 'วิศวกรรมศาสตรบัณฑิต สาขาวิชาวิศวกรรมคอมพิวเตอร์ 2560', 'วศ.บ.วิศวกรรมคอมพิวเตอร์ เทียบโอน', '0000-00-00', 'ชาย', '', '', 0, '0000-00-00 00:00:00', ''),
(135, 'นาย', 'ทวี', 'โสภาพันธุ์', '62523206004-0', '', 'สำเร็จการศึกษา', 'วิศวกรรมศาสตรบัณฑิต สาขาวิชาวิศวกรรมคอมพิวเตอร์ 2560', 'วศ.บ.วิศวกรรมคอมพิวเตอร์ เทียบโอน', '0000-00-00', 'ชาย', '', '', 0, '0000-00-00 00:00:00', ''),
(136, 'น.ส.', 'ทาริกา', 'สมบูรณ์', '62523206005-7', '', 'ปกติ', 'วิศวกรรมศาสตรบัณฑิต สาขาวิชาวิศวกรรมคอมพิวเตอร์ 2560', 'วศ.บ.วิศวกรรมคอมพิวเตอร์ เทียบโอน', '0000-00-00', 'หญิง', '', '', 0, '0000-00-00 00:00:00', ''),
(137, 'น.ส.', 'เบญจมาศ', 'คำหลวงเติม', '62523206007-3', '', 'ปกติ', 'วิศวกรรมศาสตรบัณฑิต สาขาวิชาวิศวกรรมคอมพิวเตอร์ 2560', 'วศ.บ.วิศวกรรมคอมพิวเตอร์ เทียบโอน', '0000-00-00', 'หญิง', '', '', 0, '0000-00-00 00:00:00', ''),
(138, 'นาย', 'ปฏิภาณ', 'ดำรงไชย', '62523206008-1', '', 'ปกติ', 'วิศวกรรมศาสตรบัณฑิต สาขาวิชาวิศวกรรมคอมพิวเตอร์ 2560', 'วศ.บ.วิศวกรรมคอมพิวเตอร์ เทียบโอน', '0000-00-00', 'ชาย', '', '', 0, '0000-00-00 00:00:00', ''),
(139, 'นาย', 'พิเชษฐ์', 'สุกสีทอง', '62523206009-9', '', 'ปกติ', 'วิศวกรรมศาสตรบัณฑิต สาขาวิชาวิศวกรรมคอมพิวเตอร์ 2560', 'วศ.บ.วิศวกรรมคอมพิวเตอร์ เทียบโอน', '0000-00-00', 'ชาย', '', '', 0, '0000-00-00 00:00:00', ''),
(140, 'นาย', 'วิทวัส', 'ยะปะนันท์', '62523206010-7', '', 'ปกติ', 'วิศวกรรมศาสตรบัณฑิต สาขาวิชาวิศวกรรมคอมพิวเตอร์ 2560', 'วศ.บ.วิศวกรรมคอมพิวเตอร์ เทียบโอน', '0000-00-00', 'ชาย', '', '', 0, '0000-00-00 00:00:00', ''),
(141, 'นาย', 'ศุภกิตติ์', 'พวงเงินมาก', '62523206011-5', '', 'ปกติ', 'วิศวกรรมศาสตรบัณฑิต สาขาวิชาวิศวกรรมคอมพิวเตอร์ 2560', 'วศ.บ.วิศวกรรมคอมพิวเตอร์ เทียบโอน', '0000-00-00', 'ชาย', '', '', 0, '0000-00-00 00:00:00', ''),
(142, 'น.ส.', 'สุชาดา', 'อุดม', '62523206013-1', '', 'ปกติ', 'วิศวกรรมศาสตรบัณฑิต สาขาวิชาวิศวกรรมคอมพิวเตอร์ 2560', 'วศ.บ.วิศวกรรมคอมพิวเตอร์ เทียบโอน', '0000-00-00', 'หญิง', '', '', 0, '0000-00-00 00:00:00', ''),
(143, 'น.ส.', 'อาท่า', 'เซอหมึ่อ', '62523206015-6', '', 'สำเร็จการศึกษา', 'วิศวกรรมศาสตรบัณฑิต สาขาวิชาวิศวกรรมคอมพิวเตอร์ 2560', 'วศ.บ.วิศวกรรมคอมพิวเตอร์ เทียบโอน', '0000-00-00', 'หญิง', '', '', 0, '0000-00-00 00:00:00', ''),
(144, 'นาย', 'เอกชัย', 'ชัยมงคล', '62523206016-4', '', 'พ้นสภาพไม่ผ่านเกณฑ์วัดผล', 'วิศวกรรมศาสตรบัณฑิต สาขาวิชาวิศวกรรมคอมพิวเตอร์ 2560', 'วศ.บ.วิศวกรรมคอมพิวเตอร์ เทียบโอน', '0000-00-00', 'ชาย', '', '', 0, '0000-00-00 00:00:00', ''),
(145, 'นาย', 'กฤษณพล', 'ติแก้ว', '62523206017-2', '', 'ปกติ', 'วิศวกรรมศาสตรบัณฑิต สาขาวิชาวิศวกรรมคอมพิวเตอร์ 2560', 'วศ.บ.วิศวกรรมคอมพิวเตอร์ เทียบโอน', '0000-00-00', 'ชาย', '', '', 0, '0000-00-00 00:00:00', ''),
(146, 'น.ส.', 'ชุติมา', 'ใจหาญ', '62523206018-0', '', 'ปกติ', 'วิศวกรรมศาสตรบัณฑิต สาขาวิชาวิศวกรรมคอมพิวเตอร์ 2560', 'วศ.บ.วิศวกรรมคอมพิวเตอร์ เทียบโอน', '0000-00-00', 'หญิง', '', '', 0, '0000-00-00 00:00:00', ''),
(147, 'น.ส.', 'ฐิติวรดา', 'ธิปา', '62523206019-8', '', 'ปกติ', 'วิศวกรรมศาสตรบัณฑิต สาขาวิชาวิศวกรรมคอมพิวเตอร์ 2560', 'วศ.บ.วิศวกรรมคอมพิวเตอร์ เทียบโอน', '0000-00-00', 'หญิง', '', '', 0, '0000-00-00 00:00:00', ''),
(148, 'นาย', 'ธนาดล', 'รัตนสุภา', '62523206020-6', '', 'ปกติ', 'วิศวกรรมศาสตรบัณฑิต สาขาวิชาวิศวกรรมคอมพิวเตอร์ 2560', 'วศ.บ.วิศวกรรมคอมพิวเตอร์ เทียบโอน', '0000-00-00', 'ชาย', '', '', 0, '0000-00-00 00:00:00', ''),
(149, 'นาย', 'นนทกานต์', 'เต็มใจ', '62523206021-4', '', 'ปกติ', 'วิศวกรรมศาสตรบัณฑิต สาขาวิชาวิศวกรรมคอมพิวเตอร์ 2560', 'วศ.บ.วิศวกรรมคอมพิวเตอร์ เทียบโอน', '0000-00-00', 'ชาย', '', '', 0, '0000-00-00 00:00:00', ''),
(150, 'นาย', 'นภัสกร', 'สิงห์ขา', '62523206022-2', '', 'ปกติ', 'วิศวกรรมศาสตรบัณฑิต สาขาวิชาวิศวกรรมคอมพิวเตอร์ 2560', 'วศ.บ.วิศวกรรมคอมพิวเตอร์ เทียบโอน', '0000-00-00', 'ชาย', '', '', 0, '0000-00-00 00:00:00', ''),
(151, 'นาย', 'นัฐทวี', 'ศรีบุญเรือง', '62523206023-0', '', 'ปกติ', 'วิศวกรรมศาสตรบัณฑิต สาขาวิชาวิศวกรรมคอมพิวเตอร์ 2560', 'วศ.บ.วิศวกรรมคอมพิวเตอร์ เทียบโอน', '0000-00-00', 'ชาย', '', '', 0, '0000-00-00 00:00:00', ''),
(152, 'นาย', 'บุญทวี', 'หน่อแก้ว', '62523206024-8', '', 'ปกติ', 'วิศวกรรมศาสตรบัณฑิต สาขาวิชาวิศวกรรมคอมพิวเตอร์ 2560', 'วศ.บ.วิศวกรรมคอมพิวเตอร์ เทียบโอน', '0000-00-00', 'ชาย', '', '', 0, '0000-00-00 00:00:00', ''),
(153, 'นาย', 'ปรัชญากร', 'รัตนสุวรรณ', '62523206025-5', '', 'ถอนชื่อออก', 'วิศวกรรมศาสตรบัณฑิต สาขาวิชาวิศวกรรมคอมพิวเตอร์ 2560', 'วศ.บ.วิศวกรรมคอมพิวเตอร์ เทียบโอน', '0000-00-00', 'ชาย', '', '', 0, '0000-00-00 00:00:00', ''),
(154, 'นาย', 'ปรินทร', 'ปิงยศ', '62523206026-3', '', 'ปกติ', 'วิศวกรรมศาสตรบัณฑิต สาขาวิชาวิศวกรรมคอมพิวเตอร์ 2560', 'วศ.บ.วิศวกรรมคอมพิวเตอร์ เทียบโอน', '0000-00-00', 'ชาย', '', '', 0, '0000-00-00 00:00:00', ''),
(155, 'นาย', 'พชร', 'วงศ์หน่อ', '62523206027-1', '', 'ปกติ', 'วิศวกรรมศาสตรบัณฑิต สาขาวิชาวิศวกรรมคอมพิวเตอร์ 2560', 'วศ.บ.วิศวกรรมคอมพิวเตอร์ เทียบโอน', '0000-00-00', 'ชาย', '', '', 0, '0000-00-00 00:00:00', ''),
(156, 'นาย', 'วิทธวัฒน์', 'ไซลิ้ม', '62523206028-9', '', 'ปกติ', 'วิศวกรรมศาสตรบัณฑิต สาขาวิชาวิศวกรรมคอมพิวเตอร์ 2560', 'วศ.บ.วิศวกรรมคอมพิวเตอร์ เทียบโอน', '0000-00-00', 'ชาย', '', '', 0, '0000-00-00 00:00:00', ''),
(157, 'นาย', 'วิศรุต', 'ไชยน้อย', '62523206029-7', '', 'พ้นสภาพไม่ผ่านเกณฑ์วัดผล', 'วิศวกรรมศาสตรบัณฑิต สาขาวิชาวิศวกรรมคอมพิวเตอร์ 2560', 'วศ.บ.วิศวกรรมคอมพิวเตอร์ เทียบโอน', '0000-00-00', 'ชาย', '', '', 0, '0000-00-00 00:00:00', ''),
(158, 'นาย', 'ศร', 'สุขนา', '62523206030-5', '', 'ปกติ', 'วิศวกรรมศาสตรบัณฑิต สาขาวิชาวิศวกรรมคอมพิวเตอร์ 2560', 'วศ.บ.วิศวกรรมคอมพิวเตอร์ เทียบโอน', '0000-00-00', 'ชาย', '', '', 0, '0000-00-00 00:00:00', ''),
(159, 'นาย', 'ศุภกิต', 'แก้วดำ', '62523206031-3', '', 'ปกติ', 'วิศวกรรมศาสตรบัณฑิต สาขาวิชาวิศวกรรมคอมพิวเตอร์ 2560', 'วศ.บ.วิศวกรรมคอมพิวเตอร์ เทียบโอน', '0000-00-00', 'ชาย', '', '', 0, '0000-00-00 00:00:00', ''),
(160, 'นาย', 'ถิรวัฒน์', 'วิยะ', '62523206032-1', '', 'ปกติ', 'วิศวกรรมศาสตรบัณฑิต สาขาวิชาวิศวกรรมคอมพิวเตอร์ 2560', 'วศ.บ.วิศวกรรมคอมพิวเตอร์ เทียบโอน', '0000-00-00', 'ชาย', '', '', 0, '0000-00-00 00:00:00', ''),
(161, 'นาย', 'สุรพงษ์', 'สนสาขา', '62523206033-9', '', 'ปกติ', 'วิศวกรรมศาสตรบัณฑิต สาขาวิชาวิศวกรรมคอมพิวเตอร์ 2560', 'วศ.บ.วิศวกรรมคอมพิวเตอร์ เทียบโอน', '0000-00-00', 'ชาย', '', '', 0, '0000-00-00 00:00:00', ''),
(162, 'นาย', 'อธิศ', 'เมธาสิทธิภัทร', '62523206034-7', '', 'ปกติ', 'วิศวกรรมศาสตรบัณฑิต สาขาวิชาวิศวกรรมคอมพิวเตอร์ 2560', 'วศ.บ.วิศวกรรมคอมพิวเตอร์ เทียบโอน', '0000-00-00', 'ชาย', '', '', 0, '0000-00-00 00:00:00', ''),
(163, 'นาย', 'คชภูมิ', 'แก้วชัย', '62543206001-4', '', 'ปกติ', 'วิศวกรรมศาสตรบัณฑิต สาขาวิชาวิศวกรรมคอมพิวเตอร์ 2560', 'วศ.บ.วิศวกรรมคอมพิวเตอร์ (4ปี)', '0000-00-00', 'ชาย', '', '', 0, '0000-00-00 00:00:00', ''),
(164, 'นาย', 'จิณณวัตร', 'ขัดอุโมงค์', '62543206002-2', '', 'ปกติ', 'วิศวกรรมศาสตรบัณฑิต สาขาวิชาวิศวกรรมคอมพิวเตอร์ 2560', 'วศ.บ.วิศวกรรมคอมพิวเตอร์ (4ปี)', '0000-00-00', 'ชาย', '', '', 0, '0000-00-00 00:00:00', ''),
(165, 'นาย', 'เจตชฎาภรณ์', 'ชุมภู', '62543206003-0', '', 'ปกติ', 'วิศวกรรมศาสตรบัณฑิต สาขาวิชาวิศวกรรมคอมพิวเตอร์ 2560', 'วศ.บ.วิศวกรรมคอมพิวเตอร์ (4ปี)', '0000-00-00', 'ชาย', '', '', 0, '0000-00-00 00:00:00', ''),
(166, 'นาย', 'ชนกานต์', 'ประสานสุข', '62543206004-8', '', 'ปกติ', 'วิศวกรรมศาสตรบัณฑิต สาขาวิชาวิศวกรรมคอมพิวเตอร์ 2560', 'วศ.บ.วิศวกรรมคอมพิวเตอร์ (4ปี)', '0000-00-00', 'ชาย', '', '', 0, '0000-00-00 00:00:00', ''),
(167, 'นาย', 'ชยดนย์', 'ลัพบุตร', '62543206005-5', '', 'ปกติ', 'วิศวกรรมศาสตรบัณฑิต สาขาวิชาวิศวกรรมคอมพิวเตอร์ 2560', 'วศ.บ.วิศวกรรมคอมพิวเตอร์ (4ปี)', '0000-00-00', 'ชาย', '', '', 0, '0000-00-00 00:00:00', ''),
(168, 'นาย', 'ชัยวัฒน์', 'ลัภน์เจริญพงศ์', '62543206006-3', '', 'ปกติ', 'วิศวกรรมศาสตรบัณฑิต สาขาวิชาวิศวกรรมคอมพิวเตอร์ 2560', 'วศ.บ.วิศวกรรมคอมพิวเตอร์ (4ปี)', '0000-00-00', 'ชาย', '', '', 0, '0000-00-00 00:00:00', ''),
(169, 'นาย', 'ชานนท์', 'คำขา', '62543206007-1', '', 'ปกติ', 'วิศวกรรมศาสตรบัณฑิต สาขาวิชาวิศวกรรมคอมพิวเตอร์ 2560', 'วศ.บ.วิศวกรรมคอมพิวเตอร์ (4ปี)', '0000-00-00', 'ชาย', '', '', 0, '0000-00-00 00:00:00', ''),
(170, 'น.ส.', 'เฌอญานิกา', 'วงค์ตาแก้ว', '62543206008-9', '', 'ปกติ', 'วิศวกรรมศาสตรบัณฑิต สาขาวิชาวิศวกรรมคอมพิวเตอร์ 2560', 'วศ.บ.วิศวกรรมคอมพิวเตอร์ (4ปี)', '0000-00-00', 'หญิง', '', '', 0, '0000-00-00 00:00:00', ''),
(171, 'นาย', 'ณัฐกิตต์', 'ภิรมนัด', '62543206009-7', '', 'พ้นสภาพไม่ผ่านเกณฑ์วัดผล', 'วิศวกรรมศาสตรบัณฑิต สาขาวิชาวิศวกรรมคอมพิวเตอร์ 2560', 'วศ.บ.วิศวกรรมคอมพิวเตอร์ (4ปี)', '0000-00-00', 'ชาย', '', '', 0, '0000-00-00 00:00:00', ''),
(172, 'นาย', 'ธนบดี', 'วงษ์ปู่', '62543206010-5', '', 'ลาออก', 'วิศวกรรมศาสตรบัณฑิต สาขาวิชาวิศวกรรมคอมพิวเตอร์ 2560', 'วศ.บ.วิศวกรรมคอมพิวเตอร์ (4ปี)', '0000-00-00', 'ชาย', '', '', 0, '0000-00-00 00:00:00', ''),
(173, 'น.ส.', 'ธารตะวัน', 'เมืองแสน', '62543206011-3', '', 'ปกติ', 'วิศวกรรมศาสตรบัณฑิต สาขาวิชาวิศวกรรมคอมพิวเตอร์ 2560', 'วศ.บ.วิศวกรรมคอมพิวเตอร์ (4ปี)', '0000-00-00', 'หญิง', '', '', 0, '0000-00-00 00:00:00', ''),
(174, 'นาย', 'ธิติวุฒิ', 'วงศ์ซื่อ', '62543206012-1', '', 'ปกติ', 'วิศวกรรมศาสตรบัณฑิต สาขาวิชาวิศวกรรมคอมพิวเตอร์ 2560', 'วศ.บ.วิศวกรรมคอมพิวเตอร์ (4ปี)', '0000-00-00', 'ชาย', '', '', 0, '0000-00-00 00:00:00', ''),
(175, 'นาย', 'นครินทร์', 'คมลาย', '62543206013-9', '', 'ปกติ', 'วิศวกรรมศาสตรบัณฑิต สาขาวิชาวิศวกรรมคอมพิวเตอร์ 2560', 'วศ.บ.วิศวกรรมคอมพิวเตอร์ (4ปี)', '0000-00-00', 'ชาย', '', '', 0, '0000-00-00 00:00:00', ''),
(176, 'น.ส.', 'บุษกร', 'ศิวิลัย', '62543206014-7', '', 'ปกติ', 'วิศวกรรมศาสตรบัณฑิต สาขาวิชาวิศวกรรมคอมพิวเตอร์ 2560', 'วศ.บ.วิศวกรรมคอมพิวเตอร์ (4ปี)', '0000-00-00', 'หญิง', '', '', 0, '0000-00-00 00:00:00', ''),
(177, 'นาย', 'ปฏิภาณ', 'สมติ๊บ', '62543206015-4', '', 'ปกติ', 'วิศวกรรมศาสตรบัณฑิต สาขาวิชาวิศวกรรมคอมพิวเตอร์ 2560', 'วศ.บ.วิศวกรรมคอมพิวเตอร์ (4ปี)', '0000-00-00', 'ชาย', '', '', 0, '0000-00-00 00:00:00', ''),
(178, 'นาย', 'พิจักษญ์', 'วิญญาเงือก', '62543206016-2', '', 'ปกติ', 'วิศวกรรมศาสตรบัณฑิต สาขาวิชาวิศวกรรมคอมพิวเตอร์ 2560', 'วศ.บ.วิศวกรรมคอมพิวเตอร์ (4ปี)', '0000-00-00', 'ชาย', '', '', 0, '0000-00-00 00:00:00', ''),
(179, 'นาย', 'พิทักษ์', 'สุขกาศ', '62543206017-0', '', 'ปกติ', 'วิศวกรรมศาสตรบัณฑิต สาขาวิชาวิศวกรรมคอมพิวเตอร์ 2560', 'วศ.บ.วิศวกรรมคอมพิวเตอร์ (4ปี)', '0000-00-00', 'ชาย', '', '', 0, '0000-00-00 00:00:00', ''),
(180, 'นาย', 'พีรพัฒน์', 'แก้วจา', '62543206018-8', '', 'ปกติ', 'วิศวกรรมศาสตรบัณฑิต สาขาวิชาวิศวกรรมคอมพิวเตอร์ 2560', 'วศ.บ.วิศวกรรมคอมพิวเตอร์ (4ปี)', '0000-00-00', 'ชาย', '', '', 0, '0000-00-00 00:00:00', ''),
(181, 'นาย', 'ยุทธพิชัย', 'สัสดี', '62543206019-6', '', 'ปกติ', 'วิศวกรรมศาสตรบัณฑิต สาขาวิชาวิศวกรรมคอมพิวเตอร์ 2560', 'วศ.บ.วิศวกรรมคอมพิวเตอร์ (4ปี)', '0000-00-00', 'ชาย', '', '', 0, '0000-00-00 00:00:00', ''),
(182, 'นาย', 'รชต', 'ธาราพิทักษ์วงศ์', '62543206020-4', '', 'ปกติ', 'วิศวกรรมศาสตรบัณฑิต สาขาวิชาวิศวกรรมคอมพิวเตอร์ 2560', 'วศ.บ.วิศวกรรมคอมพิวเตอร์ (4ปี)', '0000-00-00', 'ชาย', '', '', 0, '0000-00-00 00:00:00', ''),
(183, 'นาย', 'ระห่าน', 'ลุงนำ', '62543206021-2', '', 'ปกติ', 'วิศวกรรมศาสตรบัณฑิต สาขาวิชาวิศวกรรมคอมพิวเตอร์ 2560', 'วศ.บ.วิศวกรรมคอมพิวเตอร์ (4ปี)', '0000-00-00', 'ชาย', '', '', 0, '0000-00-00 00:00:00', ''),
(184, 'นาย', 'วงศธร', 'ทันหล้า', '62543206023-8', '', 'ปกติ', 'วิศวกรรมศาสตรบัณฑิต สาขาวิชาวิศวกรรมคอมพิวเตอร์ 2560', 'วศ.บ.วิศวกรรมคอมพิวเตอร์ (4ปี)', '0000-00-00', 'ชาย', '', '', 0, '0000-00-00 00:00:00', ''),
(185, 'นาย', 'วรปรัชญ์', 'ปัญญาโส', '62543206024-6', '', 'ปกติ', 'วิศวกรรมศาสตรบัณฑิต สาขาวิชาวิศวกรรมคอมพิวเตอร์ 2560', 'วศ.บ.วิศวกรรมคอมพิวเตอร์ (4ปี)', '0000-00-00', 'ชาย', '', '', 0, '0000-00-00 00:00:00', ''),
(186, 'นาย', 'วรภูมิ', 'ปวงอุ่น', '62543206025-3', '', 'ปกติ', 'วิศวกรรมศาสตรบัณฑิต สาขาวิชาวิศวกรรมคอมพิวเตอร์ 2560', 'วศ.บ.วิศวกรรมคอมพิวเตอร์ (4ปี)', '0000-00-00', 'ชาย', '', '', 0, '0000-00-00 00:00:00', ''),
(187, 'นาย', 'ศักรินทร์', 'คาโพ', '62543206026-1', '', 'ปกติ', 'วิศวกรรมศาสตรบัณฑิต สาขาวิชาวิศวกรรมคอมพิวเตอร์ 2560', 'วศ.บ.วิศวกรรมคอมพิวเตอร์ (4ปี)', '0000-00-00', 'ชาย', '', '', 0, '0000-00-00 00:00:00', ''),
(188, 'นาย', 'สงกรานต์', 'ชาวหน้าไม้', '62543206027-9', '', 'ปกติ', 'วิศวกรรมศาสตรบัณฑิต สาขาวิชาวิศวกรรมคอมพิวเตอร์ 2560', 'วศ.บ.วิศวกรรมคอมพิวเตอร์ (4ปี)', '0000-00-00', 'ชาย', '', '', 0, '0000-00-00 00:00:00', ''),
(189, 'นาย', 'สิทธิพล', 'ตันกาศ', '62543206028-7', '', 'ปกติ', 'วิศวกรรมศาสตรบัณฑิต สาขาวิชาวิศวกรรมคอมพิวเตอร์ 2560', 'วศ.บ.วิศวกรรมคอมพิวเตอร์ (4ปี)', '0000-00-00', 'ชาย', '', '', 0, '0000-00-00 00:00:00', ''),
(190, 'นาย', 'อนุวัฒน์', 'อินยาศรี', '62543206029-5', '', 'ปกติ', 'วิศวกรรมศาสตรบัณฑิต สาขาวิชาวิศวกรรมคอมพิวเตอร์ 2560', 'วศ.บ.วิศวกรรมคอมพิวเตอร์ (4ปี)', '0000-00-00', 'ชาย', '', '', 0, '0000-00-00 00:00:00', ''),
(191, 'น.ส.', 'อภิชญา', 'สายสุวรรณ์', '62543206030-3', '', 'ปกติ', 'วิศวกรรมศาสตรบัณฑิต สาขาวิชาวิศวกรรมคอมพิวเตอร์ 2560', 'วศ.บ.วิศวกรรมคอมพิวเตอร์ (4ปี)', '0000-00-00', 'หญิง', '', '', 0, '0000-00-00 00:00:00', ''),
(192, 'น.ส.', 'อริศรา', 'จี้หอม', '62543206031-1', '', 'ปกติ', 'วิศวกรรมศาสตรบัณฑิต สาขาวิชาวิศวกรรมคอมพิวเตอร์ 2560', 'วศ.บ.วิศวกรรมคอมพิวเตอร์ (4ปี)', '0000-00-00', 'หญิง', '', '', 0, '0000-00-00 00:00:00', ''),
(193, 'นาย', 'เอกรักษ์', 'ริบแจ่ม', '62543206032-9', '', 'ปกติ', 'วิศวกรรมศาสตรบัณฑิต สาขาวิชาวิศวกรรมคอมพิวเตอร์ 2560', 'วศ.บ.วิศวกรรมคอมพิวเตอร์ (4ปี)', '0000-00-00', 'ชาย', '', '', 0, '0000-00-00 00:00:00', ''),
(194, 'นาย', 'กวินพันธ์ุ', 'ชาญโสภณ', '62543206033-7', '', 'ปกติ', 'วิศวกรรมศาสตรบัณฑิต สาขาวิชาวิศวกรรมคอมพิวเตอร์ 2560', 'วศ.บ.วิศวกรรมคอมพิวเตอร์ (4ปี)', '0000-00-00', 'ชาย', '', '', 0, '0000-00-00 00:00:00', ''),
(195, 'นาย', 'ณัฐวุฒิ', 'พงค์ปวน', '62543206034-5', '', 'ปกติ', 'วิศวกรรมศาสตรบัณฑิต สาขาวิชาวิศวกรรมคอมพิวเตอร์ 2560', 'วศ.บ.วิศวกรรมคอมพิวเตอร์ (4ปี)', '0000-00-00', 'ชาย', '', '', 0, '0000-00-00 00:00:00', ''),
(196, 'นาย', 'ธนภัทร', 'พันธุ์เจริญ', '62543206035-2', '', 'ปกติ', 'วิศวกรรมศาสตรบัณฑิต สาขาวิชาวิศวกรรมคอมพิวเตอร์ 2560', 'วศ.บ.วิศวกรรมคอมพิวเตอร์ (4ปี)', '0000-00-00', 'ชาย', '', '', 0, '0000-00-00 00:00:00', ''),
(197, 'นาย', 'ปิยะวัตร', 'สุวรส', '62543206036-0', '', 'ปกติ', 'วิศวกรรมศาสตรบัณฑิต สาขาวิชาวิศวกรรมคอมพิวเตอร์ 2560', 'วศ.บ.วิศวกรรมคอมพิวเตอร์ (4ปี)', '0000-00-00', 'ชาย', '', '', 0, '0000-00-00 00:00:00', ''),
(198, 'นาย', 'พงศ์ชัญ', 'ใจจา', '62543206037-8', '', 'ปกติ', 'วิศวกรรมศาสตรบัณฑิต สาขาวิชาวิศวกรรมคอมพิวเตอร์ 2560', 'วศ.บ.วิศวกรรมคอมพิวเตอร์ (4ปี)', '0000-00-00', 'ชาย', '', '', 0, '0000-00-00 00:00:00', ''),
(199, 'นาย', 'พลวัต', 'ฉัตรแก้ว', '62543206038-6', '', 'ปกติ', 'วิศวกรรมศาสตรบัณฑิต สาขาวิชาวิศวกรรมคอมพิวเตอร์ 2560', 'วศ.บ.วิศวกรรมคอมพิวเตอร์ (4ปี)', '0000-00-00', 'ชาย', '', '', 0, '0000-00-00 00:00:00', ''),
(200, 'นาย', 'ภูมิธนิศวร์', 'ชุ่มชื่น', '62543206040-2', '', 'ปกติ', 'วิศวกรรมศาสตรบัณฑิต สาขาวิชาวิศวกรรมคอมพิวเตอร์ 2560', 'วศ.บ.วิศวกรรมคอมพิวเตอร์ (4ปี)', '0000-00-00', 'ชาย', '', '', 0, '0000-00-00 00:00:00', ''),
(201, 'นาย', 'รัชชานนท์', 'เตโช', '62543206041-0', '', 'ปกติ', 'วิศวกรรมศาสตรบัณฑิต สาขาวิชาวิศวกรรมคอมพิวเตอร์ 2560', 'วศ.บ.วิศวกรรมคอมพิวเตอร์ (4ปี)', '0000-00-00', 'ชาย', '', '', 0, '0000-00-00 00:00:00', ''),
(202, 'นาย', 'ศรัณย์พร', 'ณ ลำพูน', '62543206042-8', '', 'ปกติ', 'วิศวกรรมศาสตรบัณฑิต สาขาวิชาวิศวกรรมคอมพิวเตอร์ 2560', 'วศ.บ.วิศวกรรมคอมพิวเตอร์ (4ปี)', '0000-00-00', 'ชาย', '', '', 0, '0000-00-00 00:00:00', ''),
(203, 'นาย', 'ศุภกฤต', 'ละใจมา', '62543206043-6', '', 'ลาออก', 'วิศวกรรมศาสตรบัณฑิต สาขาวิชาวิศวกรรมคอมพิวเตอร์ 2560', 'วศ.บ.วิศวกรรมคอมพิวเตอร์ (4ปี)', '0000-00-00', 'ชาย', '', '', 0, '0000-00-00 00:00:00', ''),
(204, 'นาย', 'อาทิตย์', 'พิทักษ์ช่วงชู', '62543206044-4', '', 'ปกติ', 'วิศวกรรมศาสตรบัณฑิต สาขาวิชาวิศวกรรมคอมพิวเตอร์ 2560', 'วศ.บ.วิศวกรรมคอมพิวเตอร์ (4ปี)', '0000-00-00', 'ชาย', '', '', 0, '0000-00-00 00:00:00', ''),
(205, 'น.ส.', 'เดือนเพ็ญ', 'โพธาราม', '63543206001-3', '', 'ปกติ', 'วิศวกรรมศาสตรบัณฑิต สาขาวิชาวิศวกรรมคอมพิวเตอร์ 2560', 'วศ.บ.วิศวกรรมคอมพิวเตอร์ 1', '0000-00-00', 'หญิง', '', '', 0, '0000-00-00 00:00:00', ''),
(206, 'นาย', 'กานต์ชลิต', 'บางขะกูล', '63543206003-9', '', 'ปกติ', 'วิศวกรรมศาสตรบัณฑิต สาขาวิชาวิศวกรรมคอมพิวเตอร์ 2560', 'วศ.บ.วิศวกรรมคอมพิวเตอร์ 1', '0000-00-00', 'ชาย', '', '', 0, '0000-00-00 00:00:00', ''),
(207, 'น.ส.', 'กานต์สินี', 'ธรรมวงค์', '63543206004-7', '', 'ปกติ', 'วิศวกรรมศาสตรบัณฑิต สาขาวิชาวิศวกรรมคอมพิวเตอร์ 2560', 'วศ.บ.วิศวกรรมคอมพิวเตอร์ 2', '0000-00-00', 'หญิง', '', '', 0, '0000-00-00 00:00:00', ''),
(208, 'นาย', 'กิตติภัสส์', 'พวงเงิน', '63543206005-4', '', 'ปกติ', 'วิศวกรรมศาสตรบัณฑิต สาขาวิชาวิศวกรรมคอมพิวเตอร์ 2560', 'วศ.บ.วิศวกรรมคอมพิวเตอร์ 1', '0000-00-00', 'ชาย', '', '', 0, '0000-00-00 00:00:00', ''),
(209, 'นาย', 'คุณากร', 'อินทรัตน์', '63543206006-2', '', 'ปกติ', 'วิศวกรรมศาสตรบัณฑิต สาขาวิชาวิศวกรรมคอมพิวเตอร์ 2560', 'วศ.บ.วิศวกรรมคอมพิวเตอร์ 1', '0000-00-00', 'ชาย', '', '', 0, '0000-00-00 00:00:00', ''),
(210, 'น.ส.', 'จุฑาทิพย์', 'มิ่งเชื้อ', '63543206007-0', '', 'ปกติ', 'วิศวกรรมศาสตรบัณฑิต สาขาวิชาวิศวกรรมคอมพิวเตอร์ 2560', 'วศ.บ.วิศวกรรมคอมพิวเตอร์ 2', '0000-00-00', 'หญิง', '', '', 0, '0000-00-00 00:00:00', ''),
(211, 'นาย', 'ชัยชนะ', 'ปิยะลังกา', '63543206008-8', '', 'ปกติ', 'วิศวกรรมศาสตรบัณฑิต สาขาวิชาวิศวกรรมคอมพิวเตอร์ 2560', 'วศ.บ.วิศวกรรมคอมพิวเตอร์ 2', '0000-00-00', 'ชาย', '', '', 0, '0000-00-00 00:00:00', ''),
(212, 'น.ส.', 'ฐิติชญา', 'เป็งชัย', '63543206009-6', '', 'ปกติ', 'วิศวกรรมศาสตรบัณฑิต สาขาวิชาวิศวกรรมคอมพิวเตอร์ 2560', 'วศ.บ.วิศวกรรมคอมพิวเตอร์ 1', '0000-00-00', 'หญิง', '', '', 0, '0000-00-00 00:00:00', ''),
(213, 'นาย', 'ณัฐพล', 'ใจสม', '63543206010-4', '', 'ปกติ', 'วิศวกรรมศาสตรบัณฑิต สาขาวิชาวิศวกรรมคอมพิวเตอร์ 2560', 'วศ.บ.วิศวกรรมคอมพิวเตอร์ 1', '0000-00-00', 'ชาย', '', '', 0, '0000-00-00 00:00:00', ''),
(214, 'นาย', 'ณัฐพล', 'หิรัญภิญโญ', '63543206011-2', '', 'ปกติ', 'วิศวกรรมศาสตรบัณฑิต สาขาวิชาวิศวกรรมคอมพิวเตอร์ 2560', 'วศ.บ.วิศวกรรมคอมพิวเตอร์ 1', '0000-00-00', 'ชาย', '', '', 0, '0000-00-00 00:00:00', ''),
(215, 'น.ส.', 'ณิชากร', 'แซ่เฮ่อ', '63543206012-0', '', 'ถอนชื่อออก', 'วิศวกรรมศาสตรบัณฑิต สาขาวิชาวิศวกรรมคอมพิวเตอร์ 2560', 'วศ.บ.วิศวกรรมคอมพิวเตอร์ 1', '0000-00-00', 'หญิง', '', '', 0, '0000-00-00 00:00:00', ''),
(216, 'นาย', 'ทศพร', 'ทวีคุณ', '63543206013-8', '', 'ปกติ', 'วิศวกรรมศาสตรบัณฑิต สาขาวิชาวิศวกรรมคอมพิวเตอร์ 2560', 'วศ.บ.วิศวกรรมคอมพิวเตอร์ 2', '0000-00-00', 'ชาย', '', '', 0, '0000-00-00 00:00:00', ''),
(217, 'นาย', 'ธณดล', 'แสงบุญ', '63543206014-6', '', 'ปกติ', 'วิศวกรรมศาสตรบัณฑิต สาขาวิชาวิศวกรรมคอมพิวเตอร์ 2560', 'วศ.บ.วิศวกรรมคอมพิวเตอร์ 2', '0000-00-00', 'ชาย', '', '', 0, '0000-00-00 00:00:00', ''),
(218, 'นาย', 'ธนาดล', 'ญาณะพันธ์', '63543206015-3', '', 'พ้นสภาพไม่ผ่านเกณฑ์วัดผล', 'วิศวกรรมศาสตรบัณฑิต สาขาวิชาวิศวกรรมคอมพิวเตอร์ 2560', 'วศ.บ.วิศวกรรมคอมพิวเตอร์ 1', '0000-00-00', 'ชาย', '', '', 0, '0000-00-00 00:00:00', ''),
(219, 'นาย', 'ธนาวุฒิ', 'พุทธวงค์', '63543206016-1', '', 'ปกติ', 'วิศวกรรมศาสตรบัณฑิต สาขาวิชาวิศวกรรมคอมพิวเตอร์ 2560', 'วศ.บ.วิศวกรรมคอมพิวเตอร์ 2', '0000-00-00', 'ชาย', '', '', 0, '0000-00-00 00:00:00', ''),
(220, 'นาย', 'ธวัชชัย', 'ศรีอักษร', '63543206017-9', '', 'ปกติ', 'วิศวกรรมศาสตรบัณฑิต สาขาวิชาวิศวกรรมคอมพิวเตอร์ 2560', 'วศ.บ.วิศวกรรมคอมพิวเตอร์ 1', '0000-00-00', 'ชาย', '', '', 0, '0000-00-00 00:00:00', ''),
(221, 'น.ส.', 'ธัญเรศ', 'โอบอ้อม', '63543206018-7', '', 'ปกติ', 'วิศวกรรมศาสตรบัณฑิต สาขาวิชาวิศวกรรมคอมพิวเตอร์ 2560', 'วศ.บ.วิศวกรรมคอมพิวเตอร์ 1', '0000-00-00', 'หญิง', '', '', 0, '0000-00-00 00:00:00', ''),
(222, 'นาย', 'นวมงคล', 'ใจกองแก้ว', '63543206019-5', '', 'ปกติ', 'วิศวกรรมศาสตรบัณฑิต สาขาวิชาวิศวกรรมคอมพิวเตอร์ 2560', 'วศ.บ.วิศวกรรมคอมพิวเตอร์ 1', '0000-00-00', 'ชาย', '', '', 0, '0000-00-00 00:00:00', ''),
(223, 'น.ส.', 'ประภัสษร', 'เปี้ยสาย', '63543206020-3', '', 'ปกติ', 'วิศวกรรมศาสตรบัณฑิต สาขาวิชาวิศวกรรมคอมพิวเตอร์ 2560', 'วศ.บ.วิศวกรรมคอมพิวเตอร์ 2', '0000-00-00', 'หญิง', '', '', 0, '0000-00-00 00:00:00', ''),
(224, 'นาย', 'ปรัชญา', 'มาลาพุ่ม', '63543206021-1', '', 'ปกติ', 'วิศวกรรมศาสตรบัณฑิต สาขาวิชาวิศวกรรมคอมพิวเตอร์ 2560', 'วศ.บ.วิศวกรรมคอมพิวเตอร์ 2', '0000-00-00', 'ชาย', '', '', 0, '0000-00-00 00:00:00', ''),
(225, 'นาย', 'ปวริศร์', 'กันยานัน', '63543206022-9', '', 'ปกติ', 'วิศวกรรมศาสตรบัณฑิต สาขาวิชาวิศวกรรมคอมพิวเตอร์ 2560', 'วศ.บ.วิศวกรรมคอมพิวเตอร์ 1', '0000-00-00', 'ชาย', '', '', 0, '0000-00-00 00:00:00', ''),
(226, 'นาย', 'ปวิช', 'พิทักษ์ทอง', '63543206023-7', 'aunpawit.582@gmail.com', 'ปกติ', 'วิศวกรรมศาสตรบัณฑิต สาขาวิชาวิศวกรรมคอมพิวเตอร์ 2560', 'วศ.บ.วิศวกรรมคอมพิวเตอร์ 2', '2023-08-02', 'ชาย', '', 'พุทธ', 0, '2023-08-08 21:50:22', ''),
(227, 'น.ส.', 'ปาณิชา', 'มาวิเลิศ', '63543206024-5', '', 'ปกติ', 'วิศวกรรมศาสตรบัณฑิต สาขาวิชาวิศวกรรมคอมพิวเตอร์ 2560', 'วศ.บ.วิศวกรรมคอมพิวเตอร์ 2', '0000-00-00', 'หญิง', '', '', 0, '0000-00-00 00:00:00', '');
INSERT INTO `biographical_student` (`student_id`, `prefix`, `first_name`, `last_name`, `id_rmutl`, `email`, `status`, `curriculum`, `section`, `birthday`, `gender`, `nationality`, `religion`, `ls_deleted`, `created`, `image`) VALUES
(228, 'นาย', 'พงษธร', 'อินทะพุธ', '63543206025-2', '', 'ปกติ', 'วิศวกรรมศาสตรบัณฑิต สาขาวิชาวิศวกรรมคอมพิวเตอร์ 2560', 'วศ.บ.วิศวกรรมคอมพิวเตอร์ 1', '0000-00-00', 'ชาย', '', '', 0, '0000-00-00 00:00:00', ''),
(229, 'น.ส.', 'พัชราภา', 'สัจจะญาติ', '63543206026-0', '', 'ไม่มารายงานตัว', 'วิศวกรรมศาสตรบัณฑิต สาขาวิชาวิศวกรรมคอมพิวเตอร์ 2560', 'วศ.บ.วิศวกรรมคอมพิวเตอร์ 2', '0000-00-00', 'หญิง', '', '', 0, '0000-00-00 00:00:00', ''),
(230, 'น.ส.', 'พิชญา', 'มโนคำ', '63543206027-8', '', 'ปกติ', 'วิศวกรรมศาสตรบัณฑิต สาขาวิชาวิศวกรรมคอมพิวเตอร์ 2560', 'วศ.บ.วิศวกรรมคอมพิวเตอร์ 2', '0000-00-00', 'หญิง', '', '', 0, '0000-00-00 00:00:00', ''),
(231, 'น.ส.', 'พิมพ์มาดา', 'สะราคำ', '63543206028-6', '', 'ปกติ', 'วิศวกรรมศาสตรบัณฑิต สาขาวิชาวิศวกรรมคอมพิวเตอร์ 2560', 'วศ.บ.วิศวกรรมคอมพิวเตอร์ 1', '0000-00-00', 'หญิง', '', '', 0, '0000-00-00 00:00:00', ''),
(232, 'นาย', 'พีรณัฐ', 'สายใจอูป', '63543206029-4', '', 'ปกติ', 'วิศวกรรมศาสตรบัณฑิต สาขาวิชาวิศวกรรมคอมพิวเตอร์ 2560', 'วศ.บ.วิศวกรรมคอมพิวเตอร์ 1', '0000-00-00', 'ชาย', '', '', 0, '0000-00-00 00:00:00', ''),
(233, 'นาย', 'พีรวิชญ์', 'เพ็งทอง', '63543206030-2', '', 'ถอนชื่อออก', 'วิศวกรรมศาสตรบัณฑิต สาขาวิชาวิศวกรรมคอมพิวเตอร์ 2560', 'วศ.บ.วิศวกรรมคอมพิวเตอร์ 1', '0000-00-00', 'ชาย', '', '', 0, '0000-00-00 00:00:00', ''),
(234, 'นาย', 'ภราดร', 'รินฤทธิ์', '63543206031-0', '', 'ปกติ', 'วิศวกรรมศาสตรบัณฑิต สาขาวิชาวิศวกรรมคอมพิวเตอร์ 2560', 'วศ.บ.วิศวกรรมคอมพิวเตอร์ 1', '0000-00-00', 'ชาย', '', '', 0, '0000-00-00 00:00:00', ''),
(235, 'น.ส.', 'ภานุชนารถ', 'ฝั้นสุตา', '63543206032-8', '', 'ปกติ', 'วิศวกรรมศาสตรบัณฑิต สาขาวิชาวิศวกรรมคอมพิวเตอร์ 2560', 'วศ.บ.วิศวกรรมคอมพิวเตอร์ 2', '0000-00-00', 'หญิง', '', '', 0, '0000-00-00 00:00:00', ''),
(236, 'นาย', 'ภูวดล', 'ผลชำนัญ', '63543206033-6', '', 'ปกติ', 'วิศวกรรมศาสตรบัณฑิต สาขาวิชาวิศวกรรมคอมพิวเตอร์ 2560', 'วศ.บ.วิศวกรรมคอมพิวเตอร์ 1', '0000-00-00', 'ชาย', '', '', 0, '0000-00-00 00:00:00', ''),
(237, 'นาย', 'ศตวรรษ', 'ขันนันตะ', '63543206035-1', '', 'ปกติ', 'วิศวกรรมศาสตรบัณฑิต สาขาวิชาวิศวกรรมคอมพิวเตอร์ 2560', 'วศ.บ.วิศวกรรมคอมพิวเตอร์ 2', '0000-00-00', 'ชาย', '', '', 0, '0000-00-00 00:00:00', ''),
(238, 'นาย', 'ศักดิ์สิทธิ์', 'แสนชัย', '63543206036-9', '', 'ปกติ', 'วิศวกรรมศาสตรบัณฑิต สาขาวิชาวิศวกรรมคอมพิวเตอร์ 2560', 'วศ.บ.วิศวกรรมคอมพิวเตอร์ 1', '0000-00-00', 'ชาย', '', '', 0, '0000-00-00 00:00:00', ''),
(239, 'นาย', 'ศิวกร', 'ทายะติ', '63543206037-7', '', 'ปกติ', 'วิศวกรรมศาสตรบัณฑิต สาขาวิชาวิศวกรรมคอมพิวเตอร์ 2560', 'วศ.บ.วิศวกรรมคอมพิวเตอร์ 1', '0000-00-00', 'ชาย', '', '', 0, '0000-00-00 00:00:00', ''),
(240, 'นาย', 'ศุภกิตติ์', 'สิงห์แก้ว', '63543206038-5', '', 'ปกติ', 'วิศวกรรมศาสตรบัณฑิต สาขาวิชาวิศวกรรมคอมพิวเตอร์ 2560', 'วศ.บ.วิศวกรรมคอมพิวเตอร์ 2', '0000-00-00', 'ชาย', '', '', 0, '0000-00-00 00:00:00', ''),
(241, 'น.ส.', 'สรัลพร', 'ประตังทะสา', '63543206039-3', '', 'ปกติ', 'วิศวกรรมศาสตรบัณฑิต สาขาวิชาวิศวกรรมคอมพิวเตอร์ 2560', 'วศ.บ.วิศวกรรมคอมพิวเตอร์ 1', '0000-00-00', 'หญิง', '', '', 0, '0000-00-00 00:00:00', ''),
(242, 'น.ส.', 'สริตา', 'ใจจะดี', '63543206040-1', '', 'ลาออก', 'วิศวกรรมศาสตรบัณฑิต สาขาวิชาวิศวกรรมคอมพิวเตอร์ 2560', 'วศ.บ.วิศวกรรมคอมพิวเตอร์ 1', '0000-00-00', 'หญิง', '', '', 0, '0000-00-00 00:00:00', ''),
(243, 'นาย', 'สุวิจักขณ์', 'สุขทองคำ', '63543206041-9', '', 'ปกติ', 'วิศวกรรมศาสตรบัณฑิต สาขาวิชาวิศวกรรมคอมพิวเตอร์ 2560', 'วศ.บ.วิศวกรรมคอมพิวเตอร์ 2', '0000-00-00', 'ชาย', '', '', 0, '0000-00-00 00:00:00', ''),
(244, 'นาย', 'อธิวัฒน์', 'คำนนท์', '63543206042-7', '', 'ปกติ', 'วิศวกรรมศาสตรบัณฑิต สาขาวิชาวิศวกรรมคอมพิวเตอร์ 2560', 'วศ.บ.วิศวกรรมคอมพิวเตอร์ 2', '0000-00-00', 'ชาย', '', '', 0, '0000-00-00 00:00:00', ''),
(245, 'นาย', 'อรรถชัย', 'โพธิวงค์', '63543206043-5', '', 'ปกติ', 'วิศวกรรมศาสตรบัณฑิต สาขาวิชาวิศวกรรมคอมพิวเตอร์ 2560', 'วศ.บ.วิศวกรรมคอมพิวเตอร์ 2', '0000-00-00', 'ชาย', '', '', 0, '0000-00-00 00:00:00', ''),
(246, 'นาย', 'อังศุพันธ์ุ', 'ทารวัน', '63543206044-3', '', 'ปกติ', 'วิศวกรรมศาสตรบัณฑิต สาขาวิชาวิศวกรรมคอมพิวเตอร์ 2560', 'วศ.บ.วิศวกรรมคอมพิวเตอร์ 2', '0000-00-00', 'ชาย', '', '', 0, '0000-00-00 00:00:00', ''),
(247, 'นาย', 'อัณณ์กัญจน์', 'ทะกลกิจ', '63543206045-0', '', 'ปกติ', 'วิศวกรรมศาสตรบัณฑิต สาขาวิชาวิศวกรรมคอมพิวเตอร์ 2560', 'วศ.บ.วิศวกรรมคอมพิวเตอร์ 1', '0000-00-00', 'ชาย', '', '', 0, '0000-00-00 00:00:00', ''),
(248, 'นาย', 'อาณัติ', 'คำสุวรรณ์', '63543206046-8', '', 'ปกติ', 'วิศวกรรมศาสตรบัณฑิต สาขาวิชาวิศวกรรมคอมพิวเตอร์ 2560', 'วศ.บ.วิศวกรรมคอมพิวเตอร์ 2', '0000-00-00', 'ชาย', '', '', 0, '0000-00-00 00:00:00', ''),
(249, 'นาย', 'เขมภาณิน', 'กิติศักดิ์', '63543206047-6', '', 'ปกติ', 'วิศวกรรมศาสตรบัณฑิต สาขาวิชาวิศวกรรมคอมพิวเตอร์ 2560', 'วศ.บ.วิศวกรรมคอมพิวเตอร์ 1', '0000-00-00', 'ชาย', '', '', 0, '0000-00-00 00:00:00', ''),
(250, 'นาย', 'เอกณรินทร์', 'บุญธรรม', '63543206048-4', '', 'ถอนชื่อออก', 'วิศวกรรมศาสตรบัณฑิต สาขาวิชาวิศวกรรมคอมพิวเตอร์ 2560', 'วศ.บ.วิศวกรรมคอมพิวเตอร์ 1', '0000-00-00', 'ชาย', '', '', 0, '0000-00-00 00:00:00', ''),
(251, 'นาย', 'กรวินท์', 'อินนันชัย', '63543206049-2', '', 'ปกติ', 'วิศวกรรมศาสตรบัณฑิต สาขาวิชาวิศวกรรมคอมพิวเตอร์ 2560', 'วศ.บ.วิศวกรรมคอมพิวเตอร์ 2', '0000-00-00', 'ชาย', '', '', 0, '0000-00-00 00:00:00', ''),
(252, 'นาย', 'กิดากร', 'อินถา', '63543206050-0', '', 'ปกติ', 'วิศวกรรมศาสตรบัณฑิต สาขาวิชาวิศวกรรมคอมพิวเตอร์ 2560', 'วศ.บ.วิศวกรรมคอมพิวเตอร์ 2', '0000-00-00', 'ชาย', '', '', 0, '0000-00-00 00:00:00', ''),
(253, 'นาย', 'กิตตินันท์', 'นวลจันทร์', '63543206051-8', '', 'ถอนชื่อออก', 'วิศวกรรมศาสตรบัณฑิต สาขาวิชาวิศวกรรมคอมพิวเตอร์ 2560', 'วศ.บ.วิศวกรรมคอมพิวเตอร์ 1', '0000-00-00', 'ชาย', '', '', 0, '0000-00-00 00:00:00', ''),
(254, 'นาย', 'กิตติภณ', 'ชัยวรรณ', '63543206052-6', '', 'ปกติ', 'วิศวกรรมศาสตรบัณฑิต สาขาวิชาวิศวกรรมคอมพิวเตอร์ 2560', 'วศ.บ.วิศวกรรมคอมพิวเตอร์ 2', '0000-00-00', 'ชาย', '', '', 0, '0000-00-00 00:00:00', ''),
(255, 'นาย', 'จงลัย', 'ชิงรัม', '63543206053-4', '', 'ปกติ', 'วิศวกรรมศาสตรบัณฑิต สาขาวิชาวิศวกรรมคอมพิวเตอร์ 2560', 'วศ.บ.วิศวกรรมคอมพิวเตอร์ 2', '0000-00-00', 'ชาย', '', '', 0, '0000-00-00 00:00:00', ''),
(256, 'นาย', 'จตุรภัทร', 'แสงทวี', '63543206054-2', '', 'ปกติ', 'วิศวกรรมศาสตรบัณฑิต สาขาวิชาวิศวกรรมคอมพิวเตอร์ 2560', 'วศ.บ.วิศวกรรมคอมพิวเตอร์ 2', '0000-00-00', 'ชาย', '', '', 0, '0000-00-00 00:00:00', ''),
(257, 'นาย', 'จักรกฤษณ์', 'เนียอั๋น', '63543206055-9', '', 'ปกติ', 'วิศวกรรมศาสตรบัณฑิต สาขาวิชาวิศวกรรมคอมพิวเตอร์ 2560', 'วศ.บ.วิศวกรรมคอมพิวเตอร์ 2', '0000-00-00', 'ชาย', '', '', 0, '0000-00-00 00:00:00', ''),
(258, 'นาย', 'ชนะชน', 'พรมศิริ', '63543206056-7', '', 'ลาออก', 'วิศวกรรมศาสตรบัณฑิต สาขาวิชาวิศวกรรมคอมพิวเตอร์ 2560', 'วศ.บ.วิศวกรรมคอมพิวเตอร์ 1', '0000-00-00', 'ชาย', '', '', 0, '0000-00-00 00:00:00', ''),
(259, 'นาย', 'ชัยรัตน์', 'ชัยกอง', '63543206057-5', '', 'ปกติ', 'วิศวกรรมศาสตรบัณฑิต สาขาวิชาวิศวกรรมคอมพิวเตอร์ 2560', 'วศ.บ.วิศวกรรมคอมพิวเตอร์ 1', '0000-00-00', 'ชาย', '', '', 0, '0000-00-00 00:00:00', ''),
(260, 'นาย', 'ชัยวิชญ์', 'ทานัด', '63543206058-3', '', 'ปกติ', 'วิศวกรรมศาสตรบัณฑิต สาขาวิชาวิศวกรรมคอมพิวเตอร์ 2560', 'วศ.บ.วิศวกรรมคอมพิวเตอร์ 2', '0000-00-00', 'ชาย', '', '', 0, '0000-00-00 00:00:00', ''),
(261, 'นาย', 'ณัฐวุฒิ', 'คุณพรม', '63543206059-1', '', 'ปกติ', 'วิศวกรรมศาสตรบัณฑิต สาขาวิชาวิศวกรรมคอมพิวเตอร์ 2560', 'วศ.บ.วิศวกรรมคอมพิวเตอร์ 1', '0000-00-00', 'ชาย', '', '', 0, '0000-00-00 00:00:00', ''),
(262, 'นาย', 'ตรีณรงค์', 'ไชยชนะใหญ่', '63543206060-9', '', 'ถอนชื่อออก', 'วิศวกรรมศาสตรบัณฑิต สาขาวิชาวิศวกรรมคอมพิวเตอร์ 2560', 'วศ.บ.วิศวกรรมคอมพิวเตอร์ 2', '0000-00-00', 'ชาย', '', '', 0, '0000-00-00 00:00:00', ''),
(263, 'นาย', 'ตรีภพ', 'หมื่นปราบ', '63543206061-7', '', 'ไม่มารายงานตัว', 'วิศวกรรมศาสตรบัณฑิต สาขาวิชาวิศวกรรมคอมพิวเตอร์ 2560', 'วศ.บ.วิศวกรรมคอมพิวเตอร์ 2', '0000-00-00', 'ชาย', '', '', 0, '0000-00-00 00:00:00', ''),
(264, 'นาย', 'ธนากร', 'ประสิงห์', '63543206062-5', '', 'ไม่มารายงานตัว', 'วิศวกรรมศาสตรบัณฑิต สาขาวิชาวิศวกรรมคอมพิวเตอร์ 2560', 'วศ.บ.วิศวกรรมคอมพิวเตอร์ 2', '0000-00-00', 'ชาย', '', '', 0, '0000-00-00 00:00:00', ''),
(265, 'นาย', 'ธิติวุฒิ', 'คำออน', '63543206063-3', '', 'ถอนชื่อออก', 'วิศวกรรมศาสตรบัณฑิต สาขาวิชาวิศวกรรมคอมพิวเตอร์ 2560', 'วศ.บ.วิศวกรรมคอมพิวเตอร์ 1', '0000-00-00', 'ชาย', '', '', 0, '0000-00-00 00:00:00', ''),
(266, 'นาย', 'ธีรวัฒน์', 'พิณไชย', '63543206064-1', '', 'ปกติ', 'วิศวกรรมศาสตรบัณฑิต สาขาวิชาวิศวกรรมคอมพิวเตอร์ 2560', 'วศ.บ.วิศวกรรมคอมพิวเตอร์ 2', '0000-00-00', 'ชาย', '', '', 0, '0000-00-00 00:00:00', ''),
(267, 'นาย', 'ปรวัฒน์', 'สืบจากติ๊บ', '63543206066-6', '', 'ปกติ', 'วิศวกรรมศาสตรบัณฑิต สาขาวิชาวิศวกรรมคอมพิวเตอร์ 2560', 'วศ.บ.วิศวกรรมคอมพิวเตอร์ 1', '0000-00-00', 'ชาย', '', '', 0, '0000-00-00 00:00:00', ''),
(268, 'น.ส.', 'ปวีณา', 'อินทะปัญโญ', '63543206068-2', '', 'ปกติ', 'วิศวกรรมศาสตรบัณฑิต สาขาวิชาวิศวกรรมคอมพิวเตอร์ 2560', 'วศ.บ.วิศวกรรมคอมพิวเตอร์ 1', '0000-00-00', 'หญิง', '', '', 0, '0000-00-00 00:00:00', ''),
(269, 'นาย', 'ปัณณธร', 'สุดแพง', '63543206069-0', '', 'ถอนชื่อออก', 'วิศวกรรมศาสตรบัณฑิต สาขาวิชาวิศวกรรมคอมพิวเตอร์ 2560', 'วศ.บ.วิศวกรรมคอมพิวเตอร์ 2', '0000-00-00', 'ชาย', '', '', 0, '0000-00-00 00:00:00', ''),
(270, 'นาย', 'พีรพัฒน์', 'ศิริอ้าย', '63543206070-8', '', 'ปกติ', 'วิศวกรรมศาสตรบัณฑิต สาขาวิชาวิศวกรรมคอมพิวเตอร์ 2560', 'วศ.บ.วิศวกรรมคอมพิวเตอร์ 2', '0000-00-00', 'ชาย', '', '', 0, '0000-00-00 00:00:00', ''),
(271, 'นาย', 'ภีระพงศ์', 'ชมภูแก้ว', '63543206071-6', '', 'ปกติ', 'วิศวกรรมศาสตรบัณฑิต สาขาวิชาวิศวกรรมคอมพิวเตอร์ 2560', 'วศ.บ.วิศวกรรมคอมพิวเตอร์ 1', '0000-00-00', 'ชาย', '', '', 0, '0000-00-00 00:00:00', ''),
(272, 'นาย', 'วชิรวุฒิ', 'ชัยสาร', '63543206072-4', '', 'ปกติ', 'วิศวกรรมศาสตรบัณฑิต สาขาวิชาวิศวกรรมคอมพิวเตอร์ 2560', 'วศ.บ.วิศวกรรมคอมพิวเตอร์ 1', '0000-00-00', 'ชาย', '', '', 0, '0000-00-00 00:00:00', ''),
(273, 'น.ส.', 'วรินทร', 'นันตาปิน', '63543206073-2', '', 'ปกติ', 'วิศวกรรมศาสตรบัณฑิต สาขาวิชาวิศวกรรมคอมพิวเตอร์ 2560', 'วศ.บ.วิศวกรรมคอมพิวเตอร์ 1', '0000-00-00', 'หญิง', '', '', 0, '0000-00-00 00:00:00', ''),
(274, 'นาย', 'ศวกร', 'ร่มโพธิเงิน', '63543206074-0', '', 'ปกติ', 'วิศวกรรมศาสตรบัณฑิต สาขาวิชาวิศวกรรมคอมพิวเตอร์ 2560', 'วศ.บ.วิศวกรรมคอมพิวเตอร์ 2', '0000-00-00', 'ชาย', '', '', 0, '0000-00-00 00:00:00', ''),
(275, 'น.ส.', 'สิริกัญญา', 'เครือเงิน', '63543206075-7', '', 'ปกติ', 'วิศวกรรมศาสตรบัณฑิต สาขาวิชาวิศวกรรมคอมพิวเตอร์ 2560', 'วศ.บ.วิศวกรรมคอมพิวเตอร์ 1', '0000-00-00', 'หญิง', '', '', 0, '0000-00-00 00:00:00', ''),
(276, 'น.ส.', 'อรสุภา', 'สุภากุล', '63543206076-5', '', 'ปกติ', 'วิศวกรรมศาสตรบัณฑิต สาขาวิชาวิศวกรรมคอมพิวเตอร์ 2560', 'วศ.บ.วิศวกรรมคอมพิวเตอร์ 1', '0000-00-00', 'หญิง', '', '', 0, '0000-00-00 00:00:00', ''),
(277, 'นาย', 'กฤษณ', 'จันทร์อ้าย', '64543206001-2', '', 'ปกติ', 'วิศวกรรมศาสตรบัณฑิต สาขาวิชาวิศวกรรมคอมพิวเตอร์ 2560', 'วศ.บ.วิศวกรรมคอมพิวเตอร์ 1', '0000-00-00', 'ชาย', '', '', 0, '0000-00-00 00:00:00', ''),
(278, 'นาย', 'กิจจา', 'สุขสีทา', '64543206002-0', '', 'ปกติ', 'วิศวกรรมศาสตรบัณฑิต สาขาวิชาวิศวกรรมคอมพิวเตอร์ 2560', 'วศ.บ.วิศวกรรมคอมพิวเตอร์ 1', '0000-00-00', 'ชาย', '', '', 0, '0000-00-00 00:00:00', ''),
(279, 'นาย', 'กิตติธัช', 'อินทร์หม้อ', '64543206003-8', '', 'ปกติ', 'วิศวกรรมศาสตรบัณฑิต สาขาวิชาวิศวกรรมคอมพิวเตอร์ 2560', 'วศ.บ.วิศวกรรมคอมพิวเตอร์ 2', '0000-00-00', 'ชาย', '', '', 0, '0000-00-00 00:00:00', ''),
(280, 'นาย', 'จิตรกานต์', 'อินทรวิจิตร', '64543206004-6', '', 'ปกติ', 'วิศวกรรมศาสตรบัณฑิต สาขาวิชาวิศวกรรมคอมพิวเตอร์ 2560', 'วศ.บ.วิศวกรรมคอมพิวเตอร์ 2', '0000-00-00', 'ชาย', '', '', 0, '0000-00-00 00:00:00', ''),
(281, 'นาย', 'จิรภัทร', 'แจ่มประเสริฐ', '64543206005-3', '', 'ปกติ', 'วิศวกรรมศาสตรบัณฑิต สาขาวิชาวิศวกรรมคอมพิวเตอร์ 2560', 'วศ.บ.วิศวกรรมคอมพิวเตอร์ 1', '0000-00-00', 'ชาย', '', '', 0, '0000-00-00 00:00:00', ''),
(282, 'นาย', 'ฉัททันต์', 'กันทะวงค์', '64543206006-1', '', 'พ้นสภาพไม่ผ่านเกณฑ์วัดผล', 'วิศวกรรมศาสตรบัณฑิต สาขาวิชาวิศวกรรมคอมพิวเตอร์ 2560', 'วศ.บ.วิศวกรรมคอมพิวเตอร์ 1', '0000-00-00', 'ชาย', '', '', 0, '0000-00-00 00:00:00', ''),
(283, 'นาย', 'เฉลิมพล', '-', '64543206007-9', '', 'ปกติ', 'วิศวกรรมศาสตรบัณฑิต สาขาวิชาวิศวกรรมคอมพิวเตอร์ 2560', 'วศ.บ.วิศวกรรมคอมพิวเตอร์ 1', '0000-00-00', 'ชาย', '', '', 0, '0000-00-00 00:00:00', ''),
(284, 'นาย', 'ชนกันต์', 'ปินตาละ', '64543206008-7', '', 'ปกติ', 'วิศวกรรมศาสตรบัณฑิต สาขาวิชาวิศวกรรมคอมพิวเตอร์ 2560', 'วศ.บ.วิศวกรรมคอมพิวเตอร์ 1', '0000-00-00', 'ชาย', '', '', 0, '0000-00-00 00:00:00', ''),
(285, 'นาย', 'ชลธาร', 'ขัตตะละ', '64543206009-5', '', 'ปกติ', 'วิศวกรรมศาสตรบัณฑิต สาขาวิชาวิศวกรรมคอมพิวเตอร์ 2560', 'วศ.บ.วิศวกรรมคอมพิวเตอร์ 2', '0000-00-00', 'ชาย', '', '', 0, '0000-00-00 00:00:00', ''),
(286, 'นาย', 'ชาครพัฒน์', 'ตันศรีวงษ์', '64543206010-3', '', 'ปกติ', 'วิศวกรรมศาสตรบัณฑิต สาขาวิชาวิศวกรรมคอมพิวเตอร์ 2560', 'วศ.บ.วิศวกรรมคอมพิวเตอร์ 1', '0000-00-00', 'ชาย', '', '', 0, '0000-00-00 00:00:00', ''),
(287, 'นาย', 'ชินภัทร', 'สุทธิวรรณ', '64543206011-1', '', 'ปกติ', 'วิศวกรรมศาสตรบัณฑิต สาขาวิชาวิศวกรรมคอมพิวเตอร์ 2560', 'วศ.บ.วิศวกรรมคอมพิวเตอร์ 2', '0000-00-00', 'ชาย', '', '', 0, '0000-00-00 00:00:00', ''),
(288, 'นาย', 'ณัชพล', 'พนาสันติกุล', '64543206012-9', '', 'ปกติ', 'วิศวกรรมศาสตรบัณฑิต สาขาวิชาวิศวกรรมคอมพิวเตอร์ 2560', 'วศ.บ.วิศวกรรมคอมพิวเตอร์ 1', '0000-00-00', 'ชาย', '', '', 0, '0000-00-00 00:00:00', ''),
(289, 'นาย', 'ณัฐชนน', 'บุญชม', '64543206013-7', '', 'ปกติ', 'วิศวกรรมศาสตรบัณฑิต สาขาวิชาวิศวกรรมคอมพิวเตอร์ 2560', 'วศ.บ.วิศวกรรมคอมพิวเตอร์ 2', '0000-00-00', 'ชาย', '', '', 0, '0000-00-00 00:00:00', ''),
(290, 'นาย', 'ณัฐณวัฒน์', 'หลวงฟูวฤทธิ', '64543206014-5', '', 'ปกติ', 'วิศวกรรมศาสตรบัณฑิต สาขาวิชาวิศวกรรมคอมพิวเตอร์ 2560', 'วศ.บ.วิศวกรรมคอมพิวเตอร์ 2', '0000-00-00', 'ชาย', '', '', 0, '0000-00-00 00:00:00', ''),
(291, 'น.ส.', 'ณัฐนรี', 'นันตาบุญ', '64543206015-2', '', 'ถอนชื่อออก', 'วิศวกรรมศาสตรบัณฑิต สาขาวิชาวิศวกรรมคอมพิวเตอร์ 2560', 'วศ.บ.วิศวกรรมคอมพิวเตอร์ 1', '0000-00-00', 'หญิง', '', '', 0, '0000-00-00 00:00:00', ''),
(292, 'นาย', 'ณัฐภูมิ', 'ขันตี', '64543206016-0', '', 'ปกติ', 'วิศวกรรมศาสตรบัณฑิต สาขาวิชาวิศวกรรมคอมพิวเตอร์ 2560', 'วศ.บ.วิศวกรรมคอมพิวเตอร์ 2', '0000-00-00', 'ชาย', '', '', 0, '0000-00-00 00:00:00', ''),
(293, 'นาย', 'ดนุสรณ์', 'สุวรรณประสิทธิ์', '64543206017-8', '', 'ปกติ', 'วิศวกรรมศาสตรบัณฑิต สาขาวิชาวิศวกรรมคอมพิวเตอร์ 2560', 'วศ.บ.วิศวกรรมคอมพิวเตอร์ 1', '0000-00-00', 'ชาย', '', '', 0, '0000-00-00 00:00:00', ''),
(294, 'น.ส.', 'ดรุณี', 'ครึนกระโทก', '64543206018-6', '', 'ปกติ', 'วิศวกรรมศาสตรบัณฑิต สาขาวิชาวิศวกรรมคอมพิวเตอร์ 2560', 'วศ.บ.วิศวกรรมคอมพิวเตอร์ 2', '0000-00-00', 'หญิง', '', '', 0, '0000-00-00 00:00:00', ''),
(295, 'นาย', 'ทีปกร', 'จันทรา', '64543206019-4', '', 'ปกติ', 'วิศวกรรมศาสตรบัณฑิต สาขาวิชาวิศวกรรมคอมพิวเตอร์ 2560', 'วศ.บ.วิศวกรรมคอมพิวเตอร์ 2', '0000-00-00', 'ชาย', '', '', 0, '0000-00-00 00:00:00', ''),
(296, 'นาย', 'ธนกร', 'คำวัง', '64543206020-2', '', 'ปกติ', 'วิศวกรรมศาสตรบัณฑิต สาขาวิชาวิศวกรรมคอมพิวเตอร์ 2560', 'วศ.บ.วิศวกรรมคอมพิวเตอร์ 1', '0000-00-00', 'ชาย', '', '', 0, '0000-00-00 00:00:00', ''),
(297, 'นาย', 'ธนพงษ์', 'ตั้งทวีเกียรติ', '64543206021-0', '', 'ปกติ', 'วิศวกรรมศาสตรบัณฑิต สาขาวิชาวิศวกรรมคอมพิวเตอร์ 2560', 'วศ.บ.วิศวกรรมคอมพิวเตอร์ 1', '0000-00-00', 'ชาย', '', '', 0, '0000-00-00 00:00:00', ''),
(298, 'นาย', 'ธนพนธ์', 'เเสงจันทร์', '64543206022-8', '', 'ปกติ', 'วิศวกรรมศาสตรบัณฑิต สาขาวิชาวิศวกรรมคอมพิวเตอร์ 2560', 'วศ.บ.วิศวกรรมคอมพิวเตอร์ 2', '0000-00-00', 'ชาย', '', '', 0, '0000-00-00 00:00:00', ''),
(299, 'นาย', 'ธนภัทร', 'ไชยธิมา', '64543206023-6', '', 'ปกติ', 'วิศวกรรมศาสตรบัณฑิต สาขาวิชาวิศวกรรมคอมพิวเตอร์ 2560', 'วศ.บ.วิศวกรรมคอมพิวเตอร์ 2', '0000-00-00', 'ชาย', '', '', 0, '0000-00-00 00:00:00', ''),
(300, 'นาย', 'ธวัชชัย', 'สุรินแก้ว', '64543206024-4', '', 'ปกติ', 'วิศวกรรมศาสตรบัณฑิต สาขาวิชาวิศวกรรมคอมพิวเตอร์ 2560', 'วศ.บ.วิศวกรรมคอมพิวเตอร์ 2', '0000-00-00', 'ชาย', '', '', 0, '0000-00-00 00:00:00', ''),
(301, 'น.ส.', 'ธิดาขวัญ', 'กุมารแก้ว', '64543206025-1', '', 'ปกติ', 'วิศวกรรมศาสตรบัณฑิต สาขาวิชาวิศวกรรมคอมพิวเตอร์ 2560', 'วศ.บ.วิศวกรรมคอมพิวเตอร์ 1', '0000-00-00', 'หญิง', '', '', 0, '0000-00-00 00:00:00', ''),
(302, 'นาย', 'ธีรภัทร', 'วัฒนพูล', '64543206026-9', '', 'ปกติ', 'วิศวกรรมศาสตรบัณฑิต สาขาวิชาวิศวกรรมคอมพิวเตอร์ 2560', 'วศ.บ.วิศวกรรมคอมพิวเตอร์ 1', '0000-00-00', 'ชาย', '', '', 0, '0000-00-00 00:00:00', ''),
(303, 'นาย', 'ธีระภัทร์', 'สนิทธา', '64543206027-7', '', 'ปกติ', 'วิศวกรรมศาสตรบัณฑิต สาขาวิชาวิศวกรรมคอมพิวเตอร์ 2560', 'วศ.บ.วิศวกรรมคอมพิวเตอร์ 2', '0000-00-00', 'ชาย', '', '', 0, '0000-00-00 00:00:00', ''),
(304, 'นาย', 'นนทชัย', 'กาจายา', '64543206028-5', '', 'ปกติ', 'วิศวกรรมศาสตรบัณฑิต สาขาวิชาวิศวกรรมคอมพิวเตอร์ 2560', 'วศ.บ.วิศวกรรมคอมพิวเตอร์ 2', '0000-00-00', 'ชาย', '', '', 0, '0000-00-00 00:00:00', ''),
(305, 'น.ส.', 'นภัสรา', 'ปวนวันประสม', '64543206029-3', '', 'ปกติ', 'วิศวกรรมศาสตรบัณฑิต สาขาวิชาวิศวกรรมคอมพิวเตอร์ 2560', 'วศ.บ.วิศวกรรมคอมพิวเตอร์ 1', '0000-00-00', 'หญิง', '', '', 0, '0000-00-00 00:00:00', ''),
(306, 'นาย', 'นัชพล', 'ธะณะแก้ว', '64543206030-1', '', 'ปกติ', 'วิศวกรรมศาสตรบัณฑิต สาขาวิชาวิศวกรรมคอมพิวเตอร์ 2560', 'วศ.บ.วิศวกรรมคอมพิวเตอร์ 1', '0000-00-00', 'ชาย', '', '', 0, '0000-00-00 00:00:00', ''),
(307, 'นาย', 'เมธพนธ์', 'เมธานิพัทธ์', '64543206031-9', '', 'ปกติ', 'วิศวกรรมศาสตรบัณฑิต สาขาวิชาวิศวกรรมคอมพิวเตอร์ 2560', 'วศ.บ.วิศวกรรมคอมพิวเตอร์ 2', '0000-00-00', 'ชาย', '', '', 0, '0000-00-00 00:00:00', ''),
(308, 'นาย', 'ปฏิพัทธ์', 'เทศเพียว', '64543206032-7', '', 'ปกติ', 'วิศวกรรมศาสตรบัณฑิต สาขาวิชาวิศวกรรมคอมพิวเตอร์ 2560', 'วศ.บ.วิศวกรรมคอมพิวเตอร์ 1', '0000-00-00', 'ชาย', '', '', 0, '0000-00-00 00:00:00', ''),
(309, 'น.ส.', 'ปรีดาภรณ์', 'ใจลังกา', '64543206033-5', '', 'ปกติ', 'วิศวกรรมศาสตรบัณฑิต สาขาวิชาวิศวกรรมคอมพิวเตอร์ 2560', 'วศ.บ.วิศวกรรมคอมพิวเตอร์ 1', '0000-00-00', 'หญิง', '', '', 0, '0000-00-00 00:00:00', ''),
(310, 'น.ส.', 'ปัณฑิตา', 'จุนศิริ', '64543206034-3', '', 'ปกติ', 'วิศวกรรมศาสตรบัณฑิต สาขาวิชาวิศวกรรมคอมพิวเตอร์ 2560', 'วศ.บ.วิศวกรรมคอมพิวเตอร์ 1', '0000-00-00', 'หญิง', '', '', 0, '0000-00-00 00:00:00', ''),
(311, 'นาย', 'ไผ่', 'พามา', '64543206035-0', '', 'ปกติ', 'วิศวกรรมศาสตรบัณฑิต สาขาวิชาวิศวกรรมคอมพิวเตอร์ 2560', 'วศ.บ.วิศวกรรมคอมพิวเตอร์ 1', '0000-00-00', 'ชาย', '', '', 0, '0000-00-00 00:00:00', ''),
(312, 'นาย', 'พสิษฐ์', 'เลไธสง', '64543206036-8', '', 'ปกติ', 'วิศวกรรมศาสตรบัณฑิต สาขาวิชาวิศวกรรมคอมพิวเตอร์ 2560', 'วศ.บ.วิศวกรรมคอมพิวเตอร์ 1', '0000-00-00', 'ชาย', '', '', 0, '0000-00-00 00:00:00', ''),
(313, 'นาย', 'พัสสน', 'แซ่โจว', '64543206037-6', '', 'ปกติ', 'วิศวกรรมศาสตรบัณฑิต สาขาวิชาวิศวกรรมคอมพิวเตอร์ 2560', 'วศ.บ.วิศวกรรมคอมพิวเตอร์ 2', '0000-00-00', 'ชาย', '', '', 0, '0000-00-00 00:00:00', ''),
(314, 'นาย', 'พิทักษ์', 'กันทตุ่น', '64543206038-4', '', 'ปกติ', 'วิศวกรรมศาสตรบัณฑิต สาขาวิชาวิศวกรรมคอมพิวเตอร์ 2560', 'วศ.บ.วิศวกรรมคอมพิวเตอร์ 2', '0000-00-00', 'ชาย', '', '', 0, '0000-00-00 00:00:00', ''),
(315, 'นาย', 'ภาณุพงศ์', 'ทองวิลาศ', '64543206039-2', '', 'ปกติ', 'วิศวกรรมศาสตรบัณฑิต สาขาวิชาวิศวกรรมคอมพิวเตอร์ 2560', 'วศ.บ.วิศวกรรมคอมพิวเตอร์ 2', '0000-00-00', 'ชาย', '', '', 0, '0000-00-00 00:00:00', ''),
(316, 'นาย', 'ภาณุพงศ์', 'วงค์จักรติ๊บ', '64543206040-0', '', 'ปกติ', 'วิศวกรรมศาสตรบัณฑิต สาขาวิชาวิศวกรรมคอมพิวเตอร์ 2560', 'วศ.บ.วิศวกรรมคอมพิวเตอร์ 2', '0000-00-00', 'ชาย', '', '', 0, '0000-00-00 00:00:00', ''),
(317, 'นาย', 'ภาณุพงศ์', 'เหมืองจา', '64543206041-8', '', 'ปกติ', 'วิศวกรรมศาสตรบัณฑิต สาขาวิชาวิศวกรรมคอมพิวเตอร์ 2560', 'วศ.บ.วิศวกรรมคอมพิวเตอร์ 2', '0000-00-00', 'ชาย', '', '', 0, '0000-00-00 00:00:00', ''),
(318, 'นาย', 'ภูดินันท์', 'สมบัติปัน', '64543206042-6', '', 'ปกติ', 'วิศวกรรมศาสตรบัณฑิต สาขาวิชาวิศวกรรมคอมพิวเตอร์ 2560', 'วศ.บ.วิศวกรรมคอมพิวเตอร์ 2', '0000-00-00', 'ชาย', '', '', 0, '0000-00-00 00:00:00', ''),
(319, 'นาย', 'ภูมิภัทร', 'เสนีวงค์ ณ อยุธยา', '64543206043-4', '', 'ปกติ', 'วิศวกรรมศาสตรบัณฑิต สาขาวิชาวิศวกรรมคอมพิวเตอร์ 2560', 'วศ.บ.วิศวกรรมคอมพิวเตอร์ 2', '0000-00-00', 'ชาย', '', '', 0, '0000-00-00 00:00:00', ''),
(320, 'นาย', 'ภูริภัทร์', 'จิรพรสวัสดิ์', '64543206044-2', '', 'ปกติ', 'วิศวกรรมศาสตรบัณฑิต สาขาวิชาวิศวกรรมคอมพิวเตอร์ 2560', 'วศ.บ.วิศวกรรมคอมพิวเตอร์ 2', '0000-00-00', 'ชาย', '', '', 0, '0000-00-00 00:00:00', ''),
(321, 'นาย', 'รณชัย', 'ย้ายถิ่น', '64543206045-9', '', 'ปกติ', 'วิศวกรรมศาสตรบัณฑิต สาขาวิชาวิศวกรรมคอมพิวเตอร์ 2560', 'วศ.บ.วิศวกรรมคอมพิวเตอร์ 2', '0000-00-00', 'ชาย', '', '', 0, '0000-00-00 00:00:00', ''),
(322, 'นาย', 'รัชชานนท์', 'คุณยศยิ่ง', '64543206046-7', '', 'ปกติ', 'วิศวกรรมศาสตรบัณฑิต สาขาวิชาวิศวกรรมคอมพิวเตอร์ 2560', 'วศ.บ.วิศวกรรมคอมพิวเตอร์ 1', '0000-00-00', 'ชาย', '', '', 0, '0000-00-00 00:00:00', ''),
(323, 'นาย', 'รัชตพล', 'บุตรศรีชา', '64543206047-5', '', 'ปกติ', 'วิศวกรรมศาสตรบัณฑิต สาขาวิชาวิศวกรรมคอมพิวเตอร์ 2560', 'วศ.บ.วิศวกรรมคอมพิวเตอร์ 2', '0000-00-00', 'ชาย', '', '', 0, '0000-00-00 00:00:00', ''),
(324, 'นาย', 'ลาหู่', 'เยซอ', '64543206048-3', '', 'ปกติ', 'วิศวกรรมศาสตรบัณฑิต สาขาวิชาวิศวกรรมคอมพิวเตอร์ 2560', 'วศ.บ.วิศวกรรมคอมพิวเตอร์ 1', '0000-00-00', 'ชาย', '', '', 0, '0000-00-00 00:00:00', ''),
(325, 'นาย', 'วัชรินทร์', 'กอนจาย', '64543206049-1', '', 'ปกติ', 'วิศวกรรมศาสตรบัณฑิต สาขาวิชาวิศวกรรมคอมพิวเตอร์ 2560', 'วศ.บ.วิศวกรรมคอมพิวเตอร์ 2', '0000-00-00', 'ชาย', '', '', 0, '0000-00-00 00:00:00', ''),
(326, 'นาย', 'วิทยาลัย', 'สายตุ่นแก้ว', '64543206050-9', '', 'ปกติ', 'วิศวกรรมศาสตรบัณฑิต สาขาวิชาวิศวกรรมคอมพิวเตอร์ 2560', 'วศ.บ.วิศวกรรมคอมพิวเตอร์ 2', '0000-00-00', 'ชาย', '', '', 0, '0000-00-00 00:00:00', ''),
(327, 'นาย', 'วิวิธชัย', 'สุภาสืบ', '64543206051-7', '', 'ปกติ', 'วิศวกรรมศาสตรบัณฑิต สาขาวิชาวิศวกรรมคอมพิวเตอร์ 2560', 'วศ.บ.วิศวกรรมคอมพิวเตอร์ 2', '0000-00-00', 'ชาย', '', '', 0, '0000-00-00 00:00:00', ''),
(328, 'นาย', 'ศรายุทธ', 'อินมณี', '64543206052-5', '', 'ปกติ', 'วิศวกรรมศาสตรบัณฑิต สาขาวิชาวิศวกรรมคอมพิวเตอร์ 2560', 'วศ.บ.วิศวกรรมคอมพิวเตอร์ 1', '0000-00-00', 'ชาย', '', '', 0, '0000-00-00 00:00:00', ''),
(329, 'นาย', 'ศิริมงคล', 'ศิริปัญญา', '64543206053-3', '', 'ปกติ', 'วิศวกรรมศาสตรบัณฑิต สาขาวิชาวิศวกรรมคอมพิวเตอร์ 2560', 'วศ.บ.วิศวกรรมคอมพิวเตอร์ 2', '0000-00-00', 'ชาย', '', '', 0, '0000-00-00 00:00:00', ''),
(330, 'นาย', 'ศุภณัฐ', 'ปาลี', '64543206054-1', '', 'ปกติ', 'วิศวกรรมศาสตรบัณฑิต สาขาวิชาวิศวกรรมคอมพิวเตอร์ 2560', 'วศ.บ.วิศวกรรมคอมพิวเตอร์ 1', '0000-00-00', 'ชาย', '', '', 0, '0000-00-00 00:00:00', ''),
(331, 'นาย', 'สหัสวรรษ', 'เกิดพงษ์', '64543206055-8', '', 'ปกติ', 'วิศวกรรมศาสตรบัณฑิต สาขาวิชาวิศวกรรมคอมพิวเตอร์ 2560', 'วศ.บ.วิศวกรรมคอมพิวเตอร์ 2', '0000-00-00', 'ชาย', '', '', 0, '0000-00-00 00:00:00', ''),
(332, 'น.ส.', 'สุพิชชา', 'ชะลาชุม', '64543206056-6', '', 'ปกติ', 'วิศวกรรมศาสตรบัณฑิต สาขาวิชาวิศวกรรมคอมพิวเตอร์ 2560', 'วศ.บ.วิศวกรรมคอมพิวเตอร์ 1', '0000-00-00', 'หญิง', '', '', 0, '0000-00-00 00:00:00', ''),
(333, 'นาย', 'อรรถพล', 'เหลี่ยมตระกูล', '64543206057-4', '', 'ปกติ', 'วิศวกรรมศาสตรบัณฑิต สาขาวิชาวิศวกรรมคอมพิวเตอร์ 2560', 'วศ.บ.วิศวกรรมคอมพิวเตอร์ 2', '0000-00-00', 'ชาย', '', '', 0, '0000-00-00 00:00:00', ''),
(334, 'นาย', 'อิทธิพัทธ์', 'งามเมือง', '64543206058-2', '', 'ปกติ', 'วิศวกรรมศาสตรบัณฑิต สาขาวิชาวิศวกรรมคอมพิวเตอร์ 2560', 'วศ.บ.วิศวกรรมคอมพิวเตอร์ 2', '0000-00-00', 'ชาย', '', '', 0, '0000-00-00 00:00:00', ''),
(335, 'นาย', 'โอบนิธิ', 'เงินกลั่น', '64543206059-0', '', 'ปกติ', 'วิศวกรรมศาสตรบัณฑิต สาขาวิชาวิศวกรรมคอมพิวเตอร์ 2560', 'วศ.บ.วิศวกรรมคอมพิวเตอร์ 2', '0000-00-00', 'ชาย', '', '', 0, '0000-00-00 00:00:00', ''),
(336, 'นาย', 'เกียรติธาดา', 'จอมนพคุณ', '64543206060-8', '', 'ปกติ', 'วิศวกรรมศาสตรบัณฑิต สาขาวิชาวิศวกรรมคอมพิวเตอร์ 2560', 'วศ.บ.วิศวกรรมคอมพิวเตอร์ 1', '0000-00-00', 'ชาย', '', '', 0, '0000-00-00 00:00:00', ''),
(337, 'นาย', 'ชยุตพงศ์', 'เจ็นพนัสสัก', '64543206061-6', '', 'ปกติ', 'วิศวกรรมศาสตรบัณฑิต สาขาวิชาวิศวกรรมคอมพิวเตอร์ 2560', 'วศ.บ.วิศวกรรมคอมพิวเตอร์ 1', '0000-00-00', 'ชาย', '', '', 0, '0000-00-00 00:00:00', ''),
(338, 'นาย', 'นวพล', 'ประภัสระกูล', '64543206062-4', '', 'ปกติ', 'วิศวกรรมศาสตรบัณฑิต สาขาวิชาวิศวกรรมคอมพิวเตอร์ 2560', 'วศ.บ.วิศวกรรมคอมพิวเตอร์ 1', '0000-00-00', 'ชาย', '', '', 0, '0000-00-00 00:00:00', ''),
(339, 'นาย', 'นวพล', 'พุทธรักษา', '64543206063-2', '', 'ปกติ', 'วิศวกรรมศาสตรบัณฑิต สาขาวิชาวิศวกรรมคอมพิวเตอร์ 2560', 'วศ.บ.วิศวกรรมคอมพิวเตอร์ 1', '0000-00-00', 'ชาย', '', '', 0, '0000-00-00 00:00:00', ''),
(340, 'นาย', 'พีรพันธ์', 'ศิริมา', '64543206064-0', '', 'ปกติ', 'วิศวกรรมศาสตรบัณฑิต สาขาวิชาวิศวกรรมคอมพิวเตอร์ 2560', 'วศ.บ.วิศวกรรมคอมพิวเตอร์ 1', '0000-00-00', 'ชาย', '', '', 0, '0000-00-00 00:00:00', ''),
(341, 'นาย', 'ยศณวรรธน์', 'ปุพพโก', '64543206065-7', '', 'ปกติ', 'วิศวกรรมศาสตรบัณฑิต สาขาวิชาวิศวกรรมคอมพิวเตอร์ 2560', 'วศ.บ.วิศวกรรมคอมพิวเตอร์ 1', '0000-00-00', 'ชาย', '', '', 0, '0000-00-00 00:00:00', ''),
(342, 'นาย', 'วศิน', 'พิศผล', '64543206066-5', '', 'ปกติ', 'วิศวกรรมศาสตรบัณฑิต สาขาวิชาวิศวกรรมคอมพิวเตอร์ 2560', 'วศ.บ.วิศวกรรมคอมพิวเตอร์ 2', '0000-00-00', 'ชาย', '', '', 0, '0000-00-00 00:00:00', ''),
(343, 'น.ส.', 'วิชญาดา', 'สัมพันธ์', '64543206067-3', '', 'ปกติ', 'วิศวกรรมศาสตรบัณฑิต สาขาวิชาวิศวกรรมคอมพิวเตอร์ 2560', 'วศ.บ.วิศวกรรมคอมพิวเตอร์ 1', '0000-00-00', 'หญิง', '', '', 0, '0000-00-00 00:00:00', ''),
(344, 'นาย', 'ศิวกร', 'เมืองมาหล้า', '64543206068-1', '', 'ปกติ', 'วิศวกรรมศาสตรบัณฑิต สาขาวิชาวิศวกรรมคอมพิวเตอร์ 2560', 'วศ.บ.วิศวกรรมคอมพิวเตอร์ 1', '0000-00-00', 'ชาย', '', '', 0, '0000-00-00 00:00:00', ''),
(345, 'นาย', 'เสถียรพล', 'แก้วประภา', '64543206069-9', '', 'ปกติ', 'วิศวกรรมศาสตรบัณฑิต สาขาวิชาวิศวกรรมคอมพิวเตอร์ 2560', 'วศ.บ.วิศวกรรมคอมพิวเตอร์ 1', '0000-00-00', 'ชาย', '', '', 0, '0000-00-00 00:00:00', ''),
(346, 'น.ส.', 'อัจฉริยา', 'สุรินต๊ะ', '64543206070-7', '', 'ปกติ', 'วิศวกรรมศาสตรบัณฑิต สาขาวิชาวิศวกรรมคอมพิวเตอร์ 2560', 'วศ.บ.วิศวกรรมคอมพิวเตอร์ 1', '0000-00-00', 'หญิง', '', '', 0, '0000-00-00 00:00:00', ''),
(347, 'น.ส.', 'วลัยรัตน์', 'พนมไพร', '60543502006-6', '', 'ปกติ', 'ครุศาสตร์อุตสาหกรรมบัณฑิต สาขาวิชาวิศวกรรมไฟฟ้า (วิศวกรรมคอมพิวเตอร์) 2560', 'ค.อ.บ.วิศวกรรมไฟฟ้า - วิศวกรรมคอมพิวเตอร์ (5ปี)', '0000-00-00', 'หญิง', '', '', 0, '0000-00-00 00:00:00', ''),
(348, 'นาย', 'ศุภกร', 'สมบูรณ์', '60543502008-2', '', 'ปกติ', 'ครุศาสตร์อุตสาหกรรมบัณฑิต สาขาวิชาวิศวกรรมไฟฟ้า (วิศวกรรมคอมพิวเตอร์) 2560', 'ค.อ.บ.วิศวกรรมไฟฟ้า - วิศวกรรมคอมพิวเตอร์ (5ปี)', '0000-00-00', 'ชาย', '', '', 0, '0000-00-00 00:00:00', ''),
(349, 'นาย', 'กฤษฎา', 'เต๋จ๊ะ', '60543502018-1', '', 'พ้นสภาพไม่ผ่านเกณฑ์วัดผล', 'ครุศาสตร์อุตสาหกรรมบัณฑิต สาขาวิชาวิศวกรรมไฟฟ้า (วิศวกรรมคอมพิวเตอร์) 2560', 'ค.อ.บ.วิศวกรรมไฟฟ้า - วิศวกรรมคอมพิวเตอร์ (5ปี)', '0000-00-00', 'ชาย', '', '', 0, '0000-00-00 00:00:00', ''),
(350, 'น.ส.', 'กันย์ธิดา', 'สระศรีแสง', '60543502019-9', '', 'พ้นสภาพไม่ผ่านเกณฑ์วัดผล', 'ครุศาสตร์อุตสาหกรรมบัณฑิต สาขาวิชาวิศวกรรมไฟฟ้า (วิศวกรรมคอมพิวเตอร์) 2560', 'ค.อ.บ.วิศวกรรมไฟฟ้า - วิศวกรรมคอมพิวเตอร์ (5ปี)', '0000-00-00', 'หญิง', '', '', 0, '0000-00-00 00:00:00', ''),
(351, 'นาย', 'เฉลิมชัย', 'วรรณพันธ์', '60543502020-7', '', 'ปกติ', 'ครุศาสตร์อุตสาหกรรมบัณฑิต สาขาวิชาวิศวกรรมไฟฟ้า (วิศวกรรมคอมพิวเตอร์) 2560', 'ค.อ.บ.วิศวกรรมไฟฟ้า - วิศวกรรมคอมพิวเตอร์ (5ปี)', '0000-00-00', 'ชาย', '', '', 0, '0000-00-00 00:00:00', ''),
(352, 'นาย', 'ณัฐวุฒิ', 'บุญเป็ง', '60543502021-5', '', 'ถอนชื่อออก', 'ครุศาสตร์อุตสาหกรรมบัณฑิต สาขาวิชาวิศวกรรมไฟฟ้า (วิศวกรรมคอมพิวเตอร์) 2560', 'ค.อ.บ.วิศวกรรมไฟฟ้า - วิศวกรรมคอมพิวเตอร์ (5ปี)', '0000-00-00', 'ชาย', '', '', 0, '0000-00-00 00:00:00', ''),
(353, 'นาย', 'ณัฐวุฒิ', 'สมสาร', '60543502022-3', '', 'ปกติ', 'ครุศาสตร์อุตสาหกรรมบัณฑิต สาขาวิชาวิศวกรรมไฟฟ้า (วิศวกรรมคอมพิวเตอร์) 2560', 'ค.อ.บ.วิศวกรรมไฟฟ้า - วิศวกรรมคอมพิวเตอร์ (5ปี)', '0000-00-00', 'ชาย', '', '', 0, '0000-00-00 00:00:00', ''),
(354, 'นาย', 'ธนกร', 'สมชาติ', '60543502023-1', '', 'ปกติ', 'ครุศาสตร์อุตสาหกรรมบัณฑิต สาขาวิชาวิศวกรรมไฟฟ้า (วิศวกรรมคอมพิวเตอร์) 2560', 'ค.อ.บ.วิศวกรรมไฟฟ้า - วิศวกรรมคอมพิวเตอร์ (5ปี)', '0000-00-00', 'ชาย', '', '', 0, '0000-00-00 00:00:00', ''),
(355, 'น.ส.', 'ธัญญรัตน์', 'มาลา', '60543502025-6', '', 'ปกติ', 'ครุศาสตร์อุตสาหกรรมบัณฑิต สาขาวิชาวิศวกรรมไฟฟ้า (วิศวกรรมคอมพิวเตอร์) 2560', 'ค.อ.บ.วิศวกรรมไฟฟ้า - วิศวกรรมคอมพิวเตอร์ (5ปี)', '0000-00-00', 'หญิง', '', '', 0, '0000-00-00 00:00:00', ''),
(356, 'นาย', 'ธาดา', 'เมธโภคิน', '60543502026-4', '', 'ปกติ', 'ครุศาสตร์อุตสาหกรรมบัณฑิต สาขาวิชาวิศวกรรมไฟฟ้า (วิศวกรรมคอมพิวเตอร์) 2560', 'ค.อ.บ.วิศวกรรมไฟฟ้า - วิศวกรรมคอมพิวเตอร์ (5ปี)', '0000-00-00', 'ชาย', '', '', 0, '0000-00-00 00:00:00', ''),
(357, 'นาย', 'ธีรวัฒน์', 'ประดิษฐกูล', '60543502027-2', '', 'พ้นสภาพไม่ผ่านเกณฑ์วัดผล', 'ครุศาสตร์อุตสาหกรรมบัณฑิต สาขาวิชาวิศวกรรมไฟฟ้า (วิศวกรรมคอมพิวเตอร์) 2560', 'ค.อ.บ.วิศวกรรมไฟฟ้า - วิศวกรรมคอมพิวเตอร์ (5ปี)', '0000-00-00', 'ชาย', '', '', 0, '0000-00-00 00:00:00', ''),
(358, 'นาย', 'วชิรวิทย์', 'โปธิตา', '60543502028-0', '', 'ปกติ', 'ครุศาสตร์อุตสาหกรรมบัณฑิต สาขาวิชาวิศวกรรมไฟฟ้า (วิศวกรรมคอมพิวเตอร์) 2560', 'ค.อ.บ.วิศวกรรมไฟฟ้า - วิศวกรรมคอมพิวเตอร์ (5ปี)', '0000-00-00', 'ชาย', '', '', 0, '0000-00-00 00:00:00', ''),
(359, 'นาย', 'วรวิทย์', 'ทาระศักดิ์', '60543502029-8', '', 'ปกติ', 'ครุศาสตร์อุตสาหกรรมบัณฑิต สาขาวิชาวิศวกรรมไฟฟ้า (วิศวกรรมคอมพิวเตอร์) 2560', 'ค.อ.บ.วิศวกรรมไฟฟ้า - วิศวกรรมคอมพิวเตอร์ (5ปี)', '0000-00-00', 'ชาย', '', '', 0, '0000-00-00 00:00:00', ''),
(360, 'นาย', 'ศิรภพ', 'จันทรา', '60543502030-6', '', 'พ้นสภาพไม่ผ่านเกณฑ์วัดผล', 'ครุศาสตร์อุตสาหกรรมบัณฑิต สาขาวิชาวิศวกรรมไฟฟ้า (วิศวกรรมคอมพิวเตอร์) 2560', 'ค.อ.บ.วิศวกรรมไฟฟ้า - วิศวกรรมคอมพิวเตอร์ (5ปี)', '0000-00-00', 'ชาย', '', '', 0, '0000-00-00 00:00:00', ''),
(361, 'นาย', 'กฤษณ', 'วงศ์นิวัฒน์', '60543502037-1', '', 'ปกติ', 'ครุศาสตร์อุตสาหกรรมบัณฑิต สาขาวิชาวิศวกรรมไฟฟ้า (วิศวกรรมคอมพิวเตอร์) 2560', 'ค.อ.บ.วิศวกรรมไฟฟ้า - วิศวกรรมคอมพิวเตอร์ (5ปี)', '0000-00-00', 'ชาย', '', '', 0, '0000-00-00 00:00:00', ''),
(362, 'นาย', 'กษิดิศ', 'มูลจิโน', '60543502038-9', '', 'ปกติ', 'ครุศาสตร์อุตสาหกรรมบัณฑิต สาขาวิชาวิศวกรรมไฟฟ้า (วิศวกรรมคอมพิวเตอร์) 2560', 'ค.อ.บ.วิศวกรรมไฟฟ้า - วิศวกรรมคอมพิวเตอร์ (5ปี)', '0000-00-00', 'ชาย', '', '', 0, '0000-00-00 00:00:00', ''),
(363, 'นาย', 'จิรภัทร', 'นิลโขง', '60543502039-7', '', 'ปกติ', 'ครุศาสตร์อุตสาหกรรมบัณฑิต สาขาวิชาวิศวกรรมไฟฟ้า (วิศวกรรมคอมพิวเตอร์) 2560', 'ค.อ.บ.วิศวกรรมไฟฟ้า - วิศวกรรมคอมพิวเตอร์ (5ปี)', '0000-00-00', 'ชาย', '', '', 0, '0000-00-00 00:00:00', ''),
(364, 'น.ส.', 'จิรัชญา', 'เดชะปัญ', '60543502040-5', '', 'ปกติ', 'ครุศาสตร์อุตสาหกรรมบัณฑิต สาขาวิชาวิศวกรรมไฟฟ้า (วิศวกรรมคอมพิวเตอร์) 2560', 'ค.อ.บ.วิศวกรรมไฟฟ้า - วิศวกรรมคอมพิวเตอร์ (5ปี)', '0000-00-00', 'หญิง', '', '', 0, '0000-00-00 00:00:00', ''),
(365, 'น.ส.', 'ฉัตรทิพย์', 'ผางวะนา', '60543502041-3', '', 'ปกติ', 'ครุศาสตร์อุตสาหกรรมบัณฑิต สาขาวิชาวิศวกรรมไฟฟ้า (วิศวกรรมคอมพิวเตอร์) 2560', 'ค.อ.บ.วิศวกรรมไฟฟ้า - วิศวกรรมคอมพิวเตอร์ (5ปี)', '0000-00-00', 'หญิง', '', '', 0, '0000-00-00 00:00:00', ''),
(366, 'นาย', 'ญาณิน', 'ปันเจริญ', '60543502042-1', '', 'ปกติ', 'ครุศาสตร์อุตสาหกรรมบัณฑิต สาขาวิชาวิศวกรรมไฟฟ้า (วิศวกรรมคอมพิวเตอร์) 2560', 'ค.อ.บ.วิศวกรรมไฟฟ้า - วิศวกรรมคอมพิวเตอร์ (5ปี)', '0000-00-00', 'ชาย', '', '', 0, '0000-00-00 00:00:00', ''),
(367, 'นาย', 'ณัฐพล', 'วิริยะ', '60543502043-9', '', 'ปกติ', 'ครุศาสตร์อุตสาหกรรมบัณฑิต สาขาวิชาวิศวกรรมไฟฟ้า (วิศวกรรมคอมพิวเตอร์) 2560', 'ค.อ.บ.วิศวกรรมไฟฟ้า - วิศวกรรมคอมพิวเตอร์ (5ปี)', '0000-00-00', 'ชาย', '', '', 0, '0000-00-00 00:00:00', ''),
(368, 'น.ส.', 'ธัญชนก', 'เลือดนักรบ', '60543502044-7', '', 'ปกติ', 'ครุศาสตร์อุตสาหกรรมบัณฑิต สาขาวิชาวิศวกรรมไฟฟ้า (วิศวกรรมคอมพิวเตอร์) 2560', 'ค.อ.บ.วิศวกรรมไฟฟ้า - วิศวกรรมคอมพิวเตอร์ (5ปี)', '0000-00-00', 'หญิง', '', '', 0, '0000-00-00 00:00:00', ''),
(369, 'นาย', 'ธีรชัย', 'เป็ดมา', '60543502045-4', '', 'สำเร็จการศึกษา', 'ครุศาสตร์อุตสาหกรรมบัณฑิต สาขาวิชาวิศวกรรมไฟฟ้า (วิศวกรรมคอมพิวเตอร์) 2560', 'ค.อ.บ.วิศวกรรมไฟฟ้า - วิศวกรรมคอมพิวเตอร์ (5ปี)', '0000-00-00', 'ชาย', '', '', 0, '0000-00-00 00:00:00', ''),
(370, 'นาย', 'ธีรภัทร์', 'ชมภูนุช', '60543502046-2', '', 'ปกติ', 'ครุศาสตร์อุตสาหกรรมบัณฑิต สาขาวิชาวิศวกรรมไฟฟ้า (วิศวกรรมคอมพิวเตอร์) 2560', 'ค.อ.บ.วิศวกรรมไฟฟ้า - วิศวกรรมคอมพิวเตอร์ (5ปี)', '0000-00-00', 'ชาย', '', '', 0, '0000-00-00 00:00:00', ''),
(371, 'นาย', 'นฤเบศ', 'สอนง่าย', '60543502047-0', '', 'ปกติ', 'ครุศาสตร์อุตสาหกรรมบัณฑิต สาขาวิชาวิศวกรรมไฟฟ้า (วิศวกรรมคอมพิวเตอร์) 2560', 'ค.อ.บ.วิศวกรรมไฟฟ้า - วิศวกรรมคอมพิวเตอร์ (5ปี)', '0000-00-00', 'ชาย', '', '', 0, '0000-00-00 00:00:00', ''),
(372, 'น.ส.', 'นิจจารีย์', 'วงศ์ใหญ่', '60543502048-8', '', 'ปกติ', 'ครุศาสตร์อุตสาหกรรมบัณฑิต สาขาวิชาวิศวกรรมไฟฟ้า (วิศวกรรมคอมพิวเตอร์) 2560', 'ค.อ.บ.วิศวกรรมไฟฟ้า - วิศวกรรมคอมพิวเตอร์ (5ปี)', '0000-00-00', 'หญิง', '', '', 0, '0000-00-00 00:00:00', ''),
(373, 'น.ส.', 'เนตรวนีย์', 'ชาวอินเอก', '60543502049-6', '', 'ปกติ', 'ครุศาสตร์อุตสาหกรรมบัณฑิต สาขาวิชาวิศวกรรมไฟฟ้า (วิศวกรรมคอมพิวเตอร์) 2560', 'ค.อ.บ.วิศวกรรมไฟฟ้า - วิศวกรรมคอมพิวเตอร์ (5ปี)', '0000-00-00', 'หญิง', '', '', 0, '0000-00-00 00:00:00', ''),
(374, 'นาย', 'พงศ์ภีระ', 'พุทธพรชินพงศ์', '60543502050-4', '', 'พ้นสภาพไม่ผ่านเกณฑ์วัดผล', 'ครุศาสตร์อุตสาหกรรมบัณฑิต สาขาวิชาวิศวกรรมไฟฟ้า (วิศวกรรมคอมพิวเตอร์) 2560', 'ค.อ.บ.วิศวกรรมไฟฟ้า - วิศวกรรมคอมพิวเตอร์ (5ปี)', '0000-00-00', 'ชาย', '', '', 0, '0000-00-00 00:00:00', ''),
(375, 'นาย', 'รัฐพงษ์', 'ปุดเหียง', '60543502051-2', '', 'ปกติ', 'ครุศาสตร์อุตสาหกรรมบัณฑิต สาขาวิชาวิศวกรรมไฟฟ้า (วิศวกรรมคอมพิวเตอร์) 2560', 'ค.อ.บ.วิศวกรรมไฟฟ้า - วิศวกรรมคอมพิวเตอร์ (5ปี)', '0000-00-00', 'ชาย', '', '', 0, '0000-00-00 00:00:00', ''),
(376, 'นาย', 'ศุภกร', 'อริยะปฐมกิจ', '60543502052-0', '', 'ถอนชื่อออก', 'ครุศาสตร์อุตสาหกรรมบัณฑิต สาขาวิชาวิศวกรรมไฟฟ้า (วิศวกรรมคอมพิวเตอร์) 2560', 'ค.อ.บ.วิศวกรรมไฟฟ้า - วิศวกรรมคอมพิวเตอร์ (5ปี)', '0000-00-00', 'ชาย', '', '', 0, '0000-00-00 00:00:00', ''),
(377, 'นาย', 'อดิศร', 'เตมีศักดิ์', '60543502053-8', '', 'ปกติ', 'ครุศาสตร์อุตสาหกรรมบัณฑิต สาขาวิชาวิศวกรรมไฟฟ้า (วิศวกรรมคอมพิวเตอร์) 2560', 'ค.อ.บ.วิศวกรรมไฟฟ้า - วิศวกรรมคอมพิวเตอร์ (5ปี)', '0000-00-00', 'ชาย', '', '', 0, '0000-00-00 00:00:00', ''),
(378, 'นาย', 'อมรเทพ', 'ก๋ามี', '60543502054-6', '', 'ปกติ', 'ครุศาสตร์อุตสาหกรรมบัณฑิต สาขาวิชาวิศวกรรมไฟฟ้า (วิศวกรรมคอมพิวเตอร์) 2560', 'ค.อ.บ.วิศวกรรมไฟฟ้า - วิศวกรรมคอมพิวเตอร์ (5ปี)', '0000-00-00', 'ชาย', '', '', 0, '0000-00-00 00:00:00', ''),
(379, 'นาย', 'อัครวินท์', 'รัตนวรางค์กุล', '60543502055-3', '', 'ปกติ', 'ครุศาสตร์อุตสาหกรรมบัณฑิต สาขาวิชาวิศวกรรมไฟฟ้า (วิศวกรรมคอมพิวเตอร์) 2560', 'ค.อ.บ.วิศวกรรมไฟฟ้า - วิศวกรรมคอมพิวเตอร์ (5ปี)', '0000-00-00', 'ชาย', '', '', 0, '0000-00-00 00:00:00', ''),
(380, 'น.ส.', 'อาณัฐพร', 'ใจสม', '60543502056-1', '', 'ปกติ', 'ครุศาสตร์อุตสาหกรรมบัณฑิต สาขาวิชาวิศวกรรมไฟฟ้า (วิศวกรรมคอมพิวเตอร์) 2560', 'ค.อ.บ.วิศวกรรมไฟฟ้า - วิศวกรรมคอมพิวเตอร์ (5ปี)', '0000-00-00', 'หญิง', '', '', 0, '0000-00-00 00:00:00', ''),
(381, 'นาย', 'เกรียงศักดิ์', 'ธรรมสุภา', '61543502001-6', '', 'ปกติ', 'ครุศาสตร์อุตสาหกรรมบัณฑิต สาขาวิชาวิศวกรรมไฟฟ้า (วิศวกรรมคอมพิวเตอร์) 2560', 'ค.อ.บ.วิศวกรรมไฟฟ้า - วิศวกรรมคอมพิวเตอร์ (5ปี)', '0000-00-00', 'ชาย', '', '', 0, '0000-00-00 00:00:00', ''),
(382, 'น.ส.', 'จิตาภา', 'พอสม', '61543502002-4', '', 'ปกติ', 'ครุศาสตร์อุตสาหกรรมบัณฑิต สาขาวิชาวิศวกรรมไฟฟ้า (วิศวกรรมคอมพิวเตอร์) 2560', 'ค.อ.บ.วิศวกรรมไฟฟ้า - วิศวกรรมคอมพิวเตอร์ (5ปี)', '0000-00-00', 'หญิง', '', '', 0, '0000-00-00 00:00:00', ''),
(383, 'น.ส.', 'ชาลิตรา', 'เตจ๊ะสา', '61543502003-2', '', 'ปกติ', 'ครุศาสตร์อุตสาหกรรมบัณฑิต สาขาวิชาวิศวกรรมไฟฟ้า (วิศวกรรมคอมพิวเตอร์) 2560', 'ค.อ.บ.วิศวกรรมไฟฟ้า - วิศวกรรมคอมพิวเตอร์ (5ปี)', '0000-00-00', 'หญิง', '', '', 0, '0000-00-00 00:00:00', ''),
(384, 'น.ส.', 'ปิ่นมนัส', 'เหลืองสอาดกุล', '61543502004-0', '', 'ปกติ', 'ครุศาสตร์อุตสาหกรรมบัณฑิต สาขาวิชาวิศวกรรมไฟฟ้า (วิศวกรรมคอมพิวเตอร์) 2560', 'ค.อ.บ.วิศวกรรมไฟฟ้า - วิศวกรรมคอมพิวเตอร์ (5ปี)', '0000-00-00', 'หญิง', '', '', 0, '0000-00-00 00:00:00', ''),
(385, 'นาย', 'เสกสรร', 'ก๋องชัย', '61543502005-7', '', 'ถอนชื่อออก', 'ครุศาสตร์อุตสาหกรรมบัณฑิต สาขาวิชาวิศวกรรมไฟฟ้า (วิศวกรรมคอมพิวเตอร์) 2560', 'ค.อ.บ.วิศวกรรมไฟฟ้า - วิศวกรรมคอมพิวเตอร์ (5ปี)', '0000-00-00', 'ชาย', '', '', 0, '0000-00-00 00:00:00', ''),
(386, 'นาย', 'บัณฑิต', 'สุภกา', '61543502006-5', '', 'ไม่มารายงานตัว', 'ครุศาสตร์อุตสาหกรรมบัณฑิต สาขาวิชาวิศวกรรมไฟฟ้า (วิศวกรรมคอมพิวเตอร์) 2560', 'ค.อ.บ.วิศวกรรมไฟฟ้า - วิศวกรรมคอมพิวเตอร์ (5ปี)', '0000-00-00', 'ชาย', '', '', 0, '0000-00-00 00:00:00', ''),
(387, 'นาย', 'ชลวิทย์', 'เพ็ญวิจิตร', '61543502007-3', '', 'ปกติ', 'ครุศาสตร์อุตสาหกรรมบัณฑิต สาขาวิชาวิศวกรรมไฟฟ้า (วิศวกรรมคอมพิวเตอร์) 2560', 'ค.อ.บ.วิศวกรรมไฟฟ้า - วิศวกรรมคอมพิวเตอร์ (5ปี)', '0000-00-00', 'ชาย', '', '', 0, '0000-00-00 00:00:00', ''),
(388, 'นาย', 'ภาณุลักษณ์', 'ตาคม', '61543502008-1', '', 'ปกติ', 'ครุศาสตร์อุตสาหกรรมบัณฑิต สาขาวิชาวิศวกรรมไฟฟ้า (วิศวกรรมคอมพิวเตอร์) 2560', 'ค.อ.บ.วิศวกรรมไฟฟ้า - วิศวกรรมคอมพิวเตอร์ (5ปี)', '0000-00-00', 'ชาย', '', '', 0, '0000-00-00 00:00:00', ''),
(389, 'นาย', 'สิรวิชญ์', 'สุวรรณขัดศรี', '61543502009-9', '', 'พ้นสภาพไม่ผ่านเกณฑ์วัดผล', 'ครุศาสตร์อุตสาหกรรมบัณฑิต สาขาวิชาวิศวกรรมไฟฟ้า (วิศวกรรมคอมพิวเตอร์) 2560', 'ค.อ.บ.วิศวกรรมไฟฟ้า - วิศวกรรมคอมพิวเตอร์ (5ปี)', '0000-00-00', 'ชาย', '', '', 0, '0000-00-00 00:00:00', ''),
(390, 'นาย', 'เอกสิทธิ์', 'ดอนสกุลไพรขจี', '61543502016-4', '', 'พ้นสภาพไม่ผ่านเกณฑ์วัดผล', 'ครุศาสตร์อุตสาหกรรมบัณฑิต สาขาวิชาวิศวกรรมไฟฟ้า (วิศวกรรมคอมพิวเตอร์) 2560', 'ค.อ.บ.วิศวกรรมไฟฟ้า - วิศวกรรมคอมพิวเตอร์ (5ปี)', '0000-00-00', 'ชาย', '', '', 0, '0000-00-00 00:00:00', ''),
(391, 'นาย', 'จีรศักดิ์', 'วงศ์ชยางกูร', '61543502017-2', '', 'ปกติ', 'ครุศาสตร์อุตสาหกรรมบัณฑิต สาขาวิชาวิศวกรรมไฟฟ้า (วิศวกรรมคอมพิวเตอร์) 2560', 'ค.อ.บ.วิศวกรรมไฟฟ้า - วิศวกรรมคอมพิวเตอร์ (5ปี)', '0000-00-00', 'ชาย', '', '', 0, '0000-00-00 00:00:00', ''),
(392, 'นาย', 'ณัฐวัตร', 'จิตติเลิศวิบูลย์', '61543502018-0', '', 'พ้นสภาพไม่ผ่านเกณฑ์วัดผล', 'ครุศาสตร์อุตสาหกรรมบัณฑิต สาขาวิชาวิศวกรรมไฟฟ้า (วิศวกรรมคอมพิวเตอร์) 2560', 'ค.อ.บ.วิศวกรรมไฟฟ้า - วิศวกรรมคอมพิวเตอร์ (5ปี)', '0000-00-00', 'ชาย', '', '', 0, '0000-00-00 00:00:00', ''),
(393, 'นาย', 'นฤนาถ', 'เวียงบรรพต', '61543502019-8', '', 'ปกติ', 'ครุศาสตร์อุตสาหกรรมบัณฑิต สาขาวิชาวิศวกรรมไฟฟ้า (วิศวกรรมคอมพิวเตอร์) 2560', 'ค.อ.บ.วิศวกรรมไฟฟ้า - วิศวกรรมคอมพิวเตอร์ (5ปี)', '0000-00-00', 'ชาย', '', '', 0, '0000-00-00 00:00:00', ''),
(394, 'นาย', 'พีรดนย์', 'จินนา', '61543502020-6', '', 'ถอนชื่อออก', 'ครุศาสตร์อุตสาหกรรมบัณฑิต สาขาวิชาวิศวกรรมไฟฟ้า (วิศวกรรมคอมพิวเตอร์) 2560', 'ค.อ.บ.วิศวกรรมไฟฟ้า - วิศวกรรมคอมพิวเตอร์ (5ปี)', '0000-00-00', 'ชาย', '', '', 0, '0000-00-00 00:00:00', ''),
(395, 'นาย', 'พีรพัฒน์', 'รุ่งเรือง', '61543502021-4', '', 'ปกติ', 'ครุศาสตร์อุตสาหกรรมบัณฑิต สาขาวิชาวิศวกรรมไฟฟ้า (วิศวกรรมคอมพิวเตอร์) 2560', 'ค.อ.บ.วิศวกรรมไฟฟ้า - วิศวกรรมคอมพิวเตอร์ (5ปี)', '0000-00-00', 'ชาย', '', '', 0, '0000-00-00 00:00:00', ''),
(396, 'นาย', 'ภูมิบดินทร์', 'แก้วประเสริฐ', '61543502022-2', '', 'พ้นสภาพไม่ผ่านเกณฑ์วัดผล', 'ครุศาสตร์อุตสาหกรรมบัณฑิต สาขาวิชาวิศวกรรมไฟฟ้า (วิศวกรรมคอมพิวเตอร์) 2560', 'ค.อ.บ.วิศวกรรมไฟฟ้า - วิศวกรรมคอมพิวเตอร์ (5ปี)', '0000-00-00', 'ชาย', '', '', 0, '0000-00-00 00:00:00', ''),
(397, 'นาย', 'วีรพงษ์', 'นันตา', '61543502023-0', '', 'ปกติ', 'ครุศาสตร์อุตสาหกรรมบัณฑิต สาขาวิชาวิศวกรรมไฟฟ้า (วิศวกรรมคอมพิวเตอร์) 2560', 'ค.อ.บ.วิศวกรรมไฟฟ้า - วิศวกรรมคอมพิวเตอร์ (5ปี)', '0000-00-00', 'ชาย', '', '', 0, '0000-00-00 00:00:00', ''),
(398, 'นาย', 'เกียรติพงษ์', 'เพชรสำลี', '62543502006-4', '', 'ปกติ', 'ครุศาสตร์อุตสาหกรรมบัณฑิต สาขาวิชาวิศวกรรมไฟฟ้า (วิศวกรรมคอมพิวเตอร์) 2560', 'ค.อ.บ.วิศวกรรมไฟฟ้า - วิศวกรรมคอมพิวเตอร์ (5ปี)', '0000-00-00', 'ชาย', '', '', 0, '0000-00-00 00:00:00', ''),
(399, 'น.ส.', 'เบญจภรณ์', 'ไชยเสนา', '62543502007-2', '', 'ปกติ', 'ครุศาสตร์อุตสาหกรรมบัณฑิต สาขาวิชาวิศวกรรมไฟฟ้า (วิศวกรรมคอมพิวเตอร์) 2560', 'ค.อ.บ.วิศวกรรมไฟฟ้า - วิศวกรรมคอมพิวเตอร์ (5ปี)', '0000-00-00', 'หญิง', '', '', 0, '0000-00-00 00:00:00', ''),
(400, 'น.ส.', 'บุษราภรณ์', 'ทัพธานี', '62543502008-0', '', 'ปกติ', 'ครุศาสตร์อุตสาหกรรมบัณฑิต สาขาวิชาวิศวกรรมไฟฟ้า (วิศวกรรมคอมพิวเตอร์) 2560', 'ค.อ.บ.วิศวกรรมไฟฟ้า - วิศวกรรมคอมพิวเตอร์ (5ปี)', '0000-00-00', 'หญิง', '', '', 0, '0000-00-00 00:00:00', ''),
(401, 'น.ส.', 'ศิริพร', 'สินประเสริฐ', '62543502009-8', '', 'ปกติ', 'ครุศาสตร์อุตสาหกรรมบัณฑิต สาขาวิชาวิศวกรรมไฟฟ้า (วิศวกรรมคอมพิวเตอร์) 2560', 'ค.อ.บ.วิศวกรรมไฟฟ้า - วิศวกรรมคอมพิวเตอร์ (5ปี)', '0000-00-00', 'หญิง', '', '', 0, '0000-00-00 00:00:00', ''),
(402, 'นาย', 'จักรภัทร', 'สิทธิพร', '62543502015-5', '', 'พ้นสภาพไม่ผ่านเกณฑ์วัดผล', 'ครุศาสตร์อุตสาหกรรมบัณฑิต สาขาวิชาวิศวกรรมไฟฟ้า (วิศวกรรมคอมพิวเตอร์) 2560', 'ค.อ.บ.วิศวกรรมไฟฟ้า - วิศวกรรมคอมพิวเตอร์ (5ปี)', '0000-00-00', 'ชาย', '', '', 0, '0000-00-00 00:00:00', ''),
(403, 'นาย', 'จันทน์ผา', 'จันตา', '62543502016-3', '', 'ปกติ', 'ครุศาสตร์อุตสาหกรรมบัณฑิต สาขาวิชาวิศวกรรมไฟฟ้า (วิศวกรรมคอมพิวเตอร์) 2560', 'ค.อ.บ.วิศวกรรมไฟฟ้า - วิศวกรรมคอมพิวเตอร์ (5ปี)', '0000-00-00', 'ชาย', '', '', 0, '0000-00-00 00:00:00', ''),
(404, 'นาย', 'เดชชาติ', 'อินทริ', '62543502018-9', '', 'พ้นสภาพไม่ผ่านเกณฑ์วัดผล', 'ครุศาสตร์อุตสาหกรรมบัณฑิต สาขาวิชาวิศวกรรมไฟฟ้า (วิศวกรรมคอมพิวเตอร์) 2560', 'ค.อ.บ.วิศวกรรมไฟฟ้า - วิศวกรรมคอมพิวเตอร์ (5ปี)', '0000-00-00', 'ชาย', '', '', 0, '0000-00-00 00:00:00', ''),
(405, 'น.ส.', 'ทัษณา', 'แก้วใส', '62543502019-7', '', 'พ้นสภาพไม่ผ่านเกณฑ์วัดผล', 'ครุศาสตร์อุตสาหกรรมบัณฑิต สาขาวิชาวิศวกรรมไฟฟ้า (วิศวกรรมคอมพิวเตอร์) 2560', 'ค.อ.บ.วิศวกรรมไฟฟ้า - วิศวกรรมคอมพิวเตอร์ (5ปี)', '0000-00-00', 'หญิง', '', '', 0, '0000-00-00 00:00:00', ''),
(406, 'นาย', 'ปรมินทร์', 'กรกีรติการ', '62543502020-5', '', 'ไม่มารายงานตัว', 'ครุศาสตร์อุตสาหกรรมบัณฑิต สาขาวิชาวิศวกรรมไฟฟ้า (วิศวกรรมคอมพิวเตอร์) 2560', 'ค.อ.บ.วิศวกรรมไฟฟ้า - วิศวกรรมคอมพิวเตอร์ (5ปี)', '0000-00-00', 'ชาย', '', '', 0, '0000-00-00 00:00:00', ''),
(407, 'นาย', 'ปิยพันธ์', 'ฉัตรชัยกิจขจร', '62543502021-3', '', 'ปกติ', 'ครุศาสตร์อุตสาหกรรมบัณฑิต สาขาวิชาวิศวกรรมไฟฟ้า (วิศวกรรมคอมพิวเตอร์) 2560', 'ค.อ.บ.วิศวกรรมไฟฟ้า - วิศวกรรมคอมพิวเตอร์ (5ปี)', '0000-00-00', 'ชาย', '', '', 0, '0000-00-00 00:00:00', ''),
(408, 'นาย', 'เผ่าพันธ์', 'โพธิ์ธรรม', '62543502022-1', '', 'พ้นสภาพไม่ผ่านเกณฑ์วัดผล', 'ครุศาสตร์อุตสาหกรรมบัณฑิต สาขาวิชาวิศวกรรมไฟฟ้า (วิศวกรรมคอมพิวเตอร์) 2560', 'ค.อ.บ.วิศวกรรมไฟฟ้า - วิศวกรรมคอมพิวเตอร์ (5ปี)', '0000-00-00', 'ชาย', '', '', 0, '0000-00-00 00:00:00', ''),
(409, 'นาย', 'พงศกร', 'จีวรรณ', '62543502023-9', '', 'ปกติ', 'ครุศาสตร์อุตสาหกรรมบัณฑิต สาขาวิชาวิศวกรรมไฟฟ้า (วิศวกรรมคอมพิวเตอร์) 2560', 'ค.อ.บ.วิศวกรรมไฟฟ้า - วิศวกรรมคอมพิวเตอร์ (5ปี)', '0000-00-00', 'ชาย', '', '', 0, '0000-00-00 00:00:00', ''),
(410, 'น.ส.', 'พัทธนันท์', 'พลแสน', '62543502024-7', '', 'ถอนชื่อออก', 'ครุศาสตร์อุตสาหกรรมบัณฑิต สาขาวิชาวิศวกรรมไฟฟ้า (วิศวกรรมคอมพิวเตอร์) 2560', 'ค.อ.บ.วิศวกรรมไฟฟ้า - วิศวกรรมคอมพิวเตอร์ (5ปี)', '0000-00-00', 'หญิง', '', '', 0, '0000-00-00 00:00:00', ''),
(411, 'น.ส.', 'พิมพ์ลภัส', 'พลเจริญ', '62543502025-4', '', 'พ้นสภาพไม่ผ่านเกณฑ์วัดผล', 'ครุศาสตร์อุตสาหกรรมบัณฑิต สาขาวิชาวิศวกรรมไฟฟ้า (วิศวกรรมคอมพิวเตอร์) 2560', 'ค.อ.บ.วิศวกรรมไฟฟ้า - วิศวกรรมคอมพิวเตอร์ (5ปี)', '0000-00-00', 'หญิง', '', '', 0, '0000-00-00 00:00:00', ''),
(412, 'นาย', 'พีรพัฒน์', 'กำเนิด', '62543502026-2', '', 'ปกติ', 'ครุศาสตร์อุตสาหกรรมบัณฑิต สาขาวิชาวิศวกรรมไฟฟ้า (วิศวกรรมคอมพิวเตอร์) 2560', 'ค.อ.บ.วิศวกรรมไฟฟ้า - วิศวกรรมคอมพิวเตอร์ (5ปี)', '0000-00-00', 'ชาย', '', '', 0, '0000-00-00 00:00:00', ''),
(413, 'นาย', 'ภาณุพงษ์', 'พันธุ์หาญ', '62543502027-0', '', 'พ้นสภาพไม่ผ่านเกณฑ์วัดผล', 'ครุศาสตร์อุตสาหกรรมบัณฑิต สาขาวิชาวิศวกรรมไฟฟ้า (วิศวกรรมคอมพิวเตอร์) 2560', 'ค.อ.บ.วิศวกรรมไฟฟ้า - วิศวกรรมคอมพิวเตอร์ (5ปี)', '0000-00-00', 'ชาย', '', '', 0, '0000-00-00 00:00:00', ''),
(414, 'นาย', 'ภีระพงศ์', 'ชมภูแก้ว', '62543502028-8', '', 'ลาออก', 'ครุศาสตร์อุตสาหกรรมบัณฑิต สาขาวิชาวิศวกรรมไฟฟ้า (วิศวกรรมคอมพิวเตอร์) 2560', 'ค.อ.บ.วิศวกรรมไฟฟ้า - วิศวกรรมคอมพิวเตอร์ (5ปี)', '0000-00-00', 'ชาย', '', '', 0, '0000-00-00 00:00:00', ''),
(415, 'นาย', 'ศุภกร', 'ขันจันทร์แสง', '62543502029-6', '', 'ปกติ', 'ครุศาสตร์อุตสาหกรรมบัณฑิต สาขาวิชาวิศวกรรมไฟฟ้า (วิศวกรรมคอมพิวเตอร์) 2560', 'ค.อ.บ.วิศวกรรมไฟฟ้า - วิศวกรรมคอมพิวเตอร์ (5ปี)', '0000-00-00', 'ชาย', '', '', 0, '0000-00-00 00:00:00', ''),
(416, 'นาย', 'สหัสวรรษ', 'เทพสุนทร', '62543502030-4', '', 'ถอนชื่อออก', 'ครุศาสตร์อุตสาหกรรมบัณฑิต สาขาวิชาวิศวกรรมไฟฟ้า (วิศวกรรมคอมพิวเตอร์) 2560', 'ค.อ.บ.วิศวกรรมไฟฟ้า - วิศวกรรมคอมพิวเตอร์ (5ปี)', '0000-00-00', 'ชาย', '', '', 0, '0000-00-00 00:00:00', ''),
(417, 'นาย', 'อิทธิกร', 'สิริเวชพันธุ์', '62543502031-2', '', 'ปกติ', 'ครุศาสตร์อุตสาหกรรมบัณฑิต สาขาวิชาวิศวกรรมไฟฟ้า (วิศวกรรมคอมพิวเตอร์) 2560', 'ค.อ.บ.วิศวกรรมไฟฟ้า - วิศวกรรมคอมพิวเตอร์ (5ปี)', '0000-00-00', 'ชาย', '', '', 0, '0000-00-00 00:00:00', ''),
(418, 'นาย', 'อภิราช', 'คงแหลม', '62543502036-1', '', 'ปกติ', 'ครุศาสตร์อุตสาหกรรมบัณฑิต สาขาวิชาวิศวกรรมไฟฟ้า (วิศวกรรมคอมพิวเตอร์) 2560', 'ค.อ.บ.วิศวกรรมไฟฟ้า - วิศวกรรมคอมพิวเตอร์ (5ปี)', '0000-00-00', 'ชาย', '', '', 0, '0000-00-00 00:00:00', ''),
(419, 'นาย', 'จิรวัฒน์', 'จอมมณี', '62543502041-1', '', 'ปกติ', 'ครุศาสตร์อุตสาหกรรมบัณฑิต สาขาวิชาวิศวกรรมไฟฟ้า (วิศวกรรมคอมพิวเตอร์) 2560', 'ค.อ.บ.วิศวกรรมไฟฟ้า - วิศวกรรมคอมพิวเตอร์ (5ปี)', '0000-00-00', 'ชาย', '', '', 0, '0000-00-00 00:00:00', ''),
(420, 'นาย', 'ฉัตรชัย', 'ปัญญาโท', '62543502042-9', '', 'ปกติ', 'ครุศาสตร์อุตสาหกรรมบัณฑิต สาขาวิชาวิศวกรรมไฟฟ้า (วิศวกรรมคอมพิวเตอร์) 2560', 'ค.อ.บ.วิศวกรรมไฟฟ้า - วิศวกรรมคอมพิวเตอร์ (5ปี)', '0000-00-00', 'ชาย', '', '', 0, '0000-00-00 00:00:00', ''),
(421, 'นาย', 'ธงไชย', 'อินทรเดช', '62543502044-5', '', 'พ้นสภาพไม่ผ่านเกณฑ์วัดผล', 'ครุศาสตร์อุตสาหกรรมบัณฑิต สาขาวิชาวิศวกรรมไฟฟ้า (วิศวกรรมคอมพิวเตอร์) 2560', 'ค.อ.บ.วิศวกรรมไฟฟ้า - วิศวกรรมคอมพิวเตอร์ (5ปี)', '0000-00-00', 'ชาย', '', '', 0, '0000-00-00 00:00:00', ''),
(422, 'น.ส.', 'พรพิมล', 'ค่วยคำ', '62543502045-2', '', 'ปกติ', 'ครุศาสตร์อุตสาหกรรมบัณฑิต สาขาวิชาวิศวกรรมไฟฟ้า (วิศวกรรมคอมพิวเตอร์) 2560', 'ค.อ.บ.วิศวกรรมไฟฟ้า - วิศวกรรมคอมพิวเตอร์ (5ปี)', '0000-00-00', 'หญิง', '', '', 0, '0000-00-00 00:00:00', ''),
(423, 'นาย', 'พีรวัฒน์', 'มาสีทวีทรัพย์', '62543502046-0', '', 'พ้นสภาพไม่ผ่านเกณฑ์วัดผล', 'ครุศาสตร์อุตสาหกรรมบัณฑิต สาขาวิชาวิศวกรรมไฟฟ้า (วิศวกรรมคอมพิวเตอร์) 2560', 'ค.อ.บ.วิศวกรรมไฟฟ้า - วิศวกรรมคอมพิวเตอร์ (5ปี)', '0000-00-00', 'ชาย', '', '', 0, '0000-00-00 00:00:00', ''),
(424, 'นาย', 'ภูดินันท์', 'ราชวันนา', '62543502047-8', '', 'ถอนชื่อออก', 'ครุศาสตร์อุตสาหกรรมบัณฑิต สาขาวิชาวิศวกรรมไฟฟ้า (วิศวกรรมคอมพิวเตอร์) 2560', 'ค.อ.บ.วิศวกรรมไฟฟ้า - วิศวกรรมคอมพิวเตอร์ (5ปี)', '0000-00-00', 'ชาย', '', '', 0, '0000-00-00 00:00:00', ''),
(425, 'นาย', 'ศักย์ศรณ์', 'เสนวิรัช', '62543502048-6', '', 'ปกติ', 'ครุศาสตร์อุตสาหกรรมบัณฑิต สาขาวิชาวิศวกรรมไฟฟ้า (วิศวกรรมคอมพิวเตอร์) 2560', 'ค.อ.บ.วิศวกรรมไฟฟ้า - วิศวกรรมคอมพิวเตอร์ (5ปี)', '0000-00-00', 'ชาย', '', '', 0, '0000-00-00 00:00:00', ''),
(426, 'นาย', 'สมชัย', 'แซ่ยี่', '62543502049-4', '', 'ปกติ', 'ครุศาสตร์อุตสาหกรรมบัณฑิต สาขาวิชาวิศวกรรมไฟฟ้า (วิศวกรรมคอมพิวเตอร์) 2560', 'ค.อ.บ.วิศวกรรมไฟฟ้า - วิศวกรรมคอมพิวเตอร์ (5ปี)', '0000-00-00', 'ชาย', '', '', 0, '0000-00-00 00:00:00', ''),
(427, 'นาย', 'ชนกันต์', 'แสงขัติย์', '63543502007-1', '', 'ปกติ', 'ครุศาสตร์อุตสาหกรรมบัณฑิต สาขาวิชาวิศวกรรมไฟฟ้า (วิศวกรรมคอมพิวเตอร์) 2560', 'ค.อ.บ.วิศวกรรมไฟฟ้า - วิศวกรรมคอมพิวเตอร์ (5ปี)', '0000-00-00', 'ชาย', '', '', 0, '0000-00-00 00:00:00', ''),
(428, 'นาย', 'ปริพัฒน์', 'ตาสีเรือน', '63543502008-9', '', 'ปกติ', 'ครุศาสตร์อุตสาหกรรมบัณฑิต สาขาวิชาวิศวกรรมไฟฟ้า (วิศวกรรมคอมพิวเตอร์) 2560', 'ค.อ.บ.วิศวกรรมไฟฟ้า - วิศวกรรมคอมพิวเตอร์ (5ปี)', '0000-00-00', 'ชาย', '', '', 0, '0000-00-00 00:00:00', ''),
(429, 'นาย', 'เทพพิทักษ์', 'ชาญเวช', '63543502028-7', '', 'ปกติ', 'ครุศาสตร์อุตสาหกรรมบัณฑิต สาขาวิชาวิศวกรรมไฟฟ้า (วิศวกรรมคอมพิวเตอร์) 2560', 'ค.อ.บ.วิศวกรรมไฟฟ้า - วิศวกรรมคอมพิวเตอร์ (5ปี)', '0000-00-00', 'ชาย', '', '', 0, '0000-00-00 00:00:00', ''),
(430, 'นาย', 'เมษวรรษ', 'เเสงทอง', '63543502029-5', '', 'เสียชีวิต', 'ครุศาสตร์อุตสาหกรรมบัณฑิต สาขาวิชาวิศวกรรมไฟฟ้า (วิศวกรรมคอมพิวเตอร์) 2560', 'ค.อ.บ.วิศวกรรมไฟฟ้า - วิศวกรรมคอมพิวเตอร์ (5ปี)', '0000-00-00', 'ชาย', '', '', 0, '0000-00-00 00:00:00', ''),
(431, 'นาย', 'จักรนิตย์', 'ศรจิตติ', '63543502030-3', '', 'ปกติ', 'ครุศาสตร์อุตสาหกรรมบัณฑิต สาขาวิชาวิศวกรรมไฟฟ้า (วิศวกรรมคอมพิวเตอร์) 2560', 'ค.อ.บ.วิศวกรรมไฟฟ้า - วิศวกรรมคอมพิวเตอร์ (5ปี)', '0000-00-00', 'ชาย', '', '', 0, '0000-00-00 00:00:00', ''),
(432, 'นาย', 'ณัฐชนน', 'ทิตย์สีแสง', '63543502033-7', '', 'ปกติ', 'ครุศาสตร์อุตสาหกรรมบัณฑิต สาขาวิชาวิศวกรรมไฟฟ้า (วิศวกรรมคอมพิวเตอร์) 2560', 'ค.อ.บ.วิศวกรรมไฟฟ้า - วิศวกรรมคอมพิวเตอร์ (5ปี)', '0000-00-00', 'ชาย', '', '', 0, '0000-00-00 00:00:00', ''),
(433, 'นาย', 'ตรีนฤเบศทร์', 'วงศ์ใหญ่', '63543502034-5', '', 'ปกติ', 'ครุศาสตร์อุตสาหกรรมบัณฑิต สาขาวิชาวิศวกรรมไฟฟ้า (วิศวกรรมคอมพิวเตอร์) 2560', 'ค.อ.บ.วิศวกรรมไฟฟ้า - วิศวกรรมคอมพิวเตอร์ (5ปี)', '0000-00-00', 'ชาย', '', '', 0, '0000-00-00 00:00:00', ''),
(434, 'นาย', 'ทรงศักดิ์', 'นันตาน้อย', '63543502035-2', '', 'ลาออก', 'ครุศาสตร์อุตสาหกรรมบัณฑิต สาขาวิชาวิศวกรรมไฟฟ้า (วิศวกรรมคอมพิวเตอร์) 2560', 'ค.อ.บ.วิศวกรรมไฟฟ้า - วิศวกรรมคอมพิวเตอร์ (5ปี)', '0000-00-00', 'ชาย', '', '', 0, '0000-00-00 00:00:00', ''),
(435, 'น.ส.', 'ปนัสยา', 'เก่งจริง', '63543502038-6', '', 'ปกติ', 'ครุศาสตร์อุตสาหกรรมบัณฑิต สาขาวิชาวิศวกรรมไฟฟ้า (วิศวกรรมคอมพิวเตอร์) 2560', 'ค.อ.บ.วิศวกรรมไฟฟ้า - วิศวกรรมคอมพิวเตอร์ (5ปี)', '0000-00-00', 'หญิง', '', '', 0, '0000-00-00 00:00:00', ''),
(436, 'นาย', 'ปวรุตม์', 'ทรงพระคุณ', '63543502039-4', '', 'พ้นสภาพไม่ผ่านเกณฑ์วัดผล', 'ครุศาสตร์อุตสาหกรรมบัณฑิต สาขาวิชาวิศวกรรมไฟฟ้า (วิศวกรรมคอมพิวเตอร์) 2560', 'ค.อ.บ.วิศวกรรมไฟฟ้า - วิศวกรรมคอมพิวเตอร์ (5ปี)', '0000-00-00', 'ชาย', '', '', 0, '0000-00-00 00:00:00', ''),
(437, 'น.ส.', 'พัชรียา', 'ชุมอนันต์', '63543502040-2', '', 'ปกติ', 'ครุศาสตร์อุตสาหกรรมบัณฑิต สาขาวิชาวิศวกรรมไฟฟ้า (วิศวกรรมคอมพิวเตอร์) 2560', 'ค.อ.บ.วิศวกรรมไฟฟ้า - วิศวกรรมคอมพิวเตอร์ (5ปี)', '0000-00-00', 'หญิง', '', '', 0, '0000-00-00 00:00:00', ''),
(438, 'นาย', 'ภัทรพล', 'ตรีธานี', '63543502041-0', '', 'พ้นสภาพไม่ผ่านเกณฑ์วัดผล', 'ครุศาสตร์อุตสาหกรรมบัณฑิต สาขาวิชาวิศวกรรมไฟฟ้า (วิศวกรรมคอมพิวเตอร์) 2560', 'ค.อ.บ.วิศวกรรมไฟฟ้า - วิศวกรรมคอมพิวเตอร์ (5ปี)', '0000-00-00', 'ชาย', '', '', 0, '0000-00-00 00:00:00', ''),
(439, 'นาย', 'ฤทธิเดช', 'ทายะ', '63543502042-8', '', 'ปกติ', 'ครุศาสตร์อุตสาหกรรมบัณฑิต สาขาวิชาวิศวกรรมไฟฟ้า (วิศวกรรมคอมพิวเตอร์) 2560', 'ค.อ.บ.วิศวกรรมไฟฟ้า - วิศวกรรมคอมพิวเตอร์ (5ปี)', '0000-00-00', 'ชาย', '', '', 0, '0000-00-00 00:00:00', ''),
(440, 'นาย', 'วิษณุ', 'ภู่ทับ', '63543502044-4', '', 'ลาออก', 'ครุศาสตร์อุตสาหกรรมบัณฑิต สาขาวิชาวิศวกรรมไฟฟ้า (วิศวกรรมคอมพิวเตอร์) 2560', 'ค.อ.บ.วิศวกรรมไฟฟ้า - วิศวกรรมคอมพิวเตอร์ (5ปี)', '0000-00-00', 'ชาย', '', '', 0, '0000-00-00 00:00:00', ''),
(441, 'นาย', 'สุทธิชัย', 'ใจกาศ', '63543502045-1', '', 'ปกติ', 'ครุศาสตร์อุตสาหกรรมบัณฑิต สาขาวิชาวิศวกรรมไฟฟ้า (วิศวกรรมคอมพิวเตอร์) 2560', 'ค.อ.บ.วิศวกรรมไฟฟ้า - วิศวกรรมคอมพิวเตอร์ (5ปี)', '0000-00-00', 'ชาย', '', '', 0, '0000-00-00 00:00:00', ''),
(442, 'นาย', 'สุรชัย', 'แซ่ลี้', '63543502046-9', '', 'ปกติ', 'ครุศาสตร์อุตสาหกรรมบัณฑิต สาขาวิชาวิศวกรรมไฟฟ้า (วิศวกรรมคอมพิวเตอร์) 2560', 'ค.อ.บ.วิศวกรรมไฟฟ้า - วิศวกรรมคอมพิวเตอร์ (5ปี)', '0000-00-00', 'ชาย', '', '', 0, '0000-00-00 00:00:00', '');
INSERT INTO `biographical_student` (`student_id`, `prefix`, `first_name`, `last_name`, `id_rmutl`, `email`, `status`, `curriculum`, `section`, `birthday`, `gender`, `nationality`, `religion`, `ls_deleted`, `created`, `image`) VALUES
(443, 'นาย', 'อรรถพล', 'โลสิงห์', '63543502047-7', '', 'ปกติ', 'ครุศาสตร์อุตสาหกรรมบัณฑิต สาขาวิชาวิศวกรรมไฟฟ้า (วิศวกรรมคอมพิวเตอร์) 2560', 'ค.อ.บ.วิศวกรรมไฟฟ้า - วิศวกรรมคอมพิวเตอร์ (5ปี)', '0000-00-00', 'ชาย', '', '', 0, '0000-00-00 00:00:00', ''),
(444, 'น.ส.', 'ชนิกานต์', 'มูลแก้ว', '63543502054-3', '', 'ถอนชื่อออก', 'ครุศาสตร์อุตสาหกรรมบัณฑิต สาขาวิชาวิศวกรรมไฟฟ้า (วิศวกรรมคอมพิวเตอร์) 2560', 'ค.อ.บ.วิศวกรรมไฟฟ้า - วิศวกรรมคอมพิวเตอร์ (5ปี)', '0000-00-00', 'หญิง', '', '', 0, '0000-00-00 00:00:00', ''),
(445, 'นาย', 'ชาญยุทธ', 'วิบูลย์ผล', '63543502055-0', '', 'ถอนชื่อออก', 'ครุศาสตร์อุตสาหกรรมบัณฑิต สาขาวิชาวิศวกรรมไฟฟ้า (วิศวกรรมคอมพิวเตอร์) 2560', 'ค.อ.บ.วิศวกรรมไฟฟ้า - วิศวกรรมคอมพิวเตอร์ (5ปี)', '0000-00-00', 'ชาย', '', '', 0, '0000-00-00 00:00:00', ''),
(446, 'นาย', 'ณรงค์ศักดิ์', 'นุ่มพูล', '63543502056-8', '', 'ปกติ', 'ครุศาสตร์อุตสาหกรรมบัณฑิต สาขาวิชาวิศวกรรมไฟฟ้า (วิศวกรรมคอมพิวเตอร์) 2560', 'ค.อ.บ.วิศวกรรมไฟฟ้า - วิศวกรรมคอมพิวเตอร์ (5ปี)', '0000-00-00', 'ชาย', '', '', 0, '0000-00-00 00:00:00', ''),
(447, 'นาย', 'พงศ์นวัต', 'อินผูก', '63543502057-6', '', 'ปกติ', 'ครุศาสตร์อุตสาหกรรมบัณฑิต สาขาวิชาวิศวกรรมไฟฟ้า (วิศวกรรมคอมพิวเตอร์) 2560', 'ค.อ.บ.วิศวกรรมไฟฟ้า - วิศวกรรมคอมพิวเตอร์ (5ปี)', '0000-00-00', 'ชาย', '', '', 0, '0000-00-00 00:00:00', ''),
(448, 'นาย', 'ภคพล', 'กองทุม', '63543502058-4', '', 'ปกติ', 'ครุศาสตร์อุตสาหกรรมบัณฑิต สาขาวิชาวิศวกรรมไฟฟ้า (วิศวกรรมคอมพิวเตอร์) 2560', 'ค.อ.บ.วิศวกรรมไฟฟ้า - วิศวกรรมคอมพิวเตอร์ (5ปี)', '0000-00-00', 'ชาย', '', '', 0, '0000-00-00 00:00:00', ''),
(449, 'นาย', 'ยูตะ', 'ทาเมะกาอิ', '63543502059-2', '', 'ปกติ', 'ครุศาสตร์อุตสาหกรรมบัณฑิต สาขาวิชาวิศวกรรมไฟฟ้า (วิศวกรรมคอมพิวเตอร์) 2560', 'ค.อ.บ.วิศวกรรมไฟฟ้า - วิศวกรรมคอมพิวเตอร์ (5ปี)', '0000-00-00', 'ชาย', '', '', 0, '0000-00-00 00:00:00', ''),
(450, 'น.ส.', 'วิชญาดา', 'สัมพันธ์', '63543502060-0', '', 'ลาออก', 'ครุศาสตร์อุตสาหกรรมบัณฑิต สาขาวิชาวิศวกรรมไฟฟ้า (วิศวกรรมคอมพิวเตอร์) 2560', 'ค.อ.บ.วิศวกรรมไฟฟ้า - วิศวกรรมคอมพิวเตอร์ (5ปี)', '0000-00-00', 'หญิง', '', '', 0, '0000-00-00 00:00:00', ''),
(451, 'นาย', 'ธัชพงศ์พัชร์', 'สาหร่าย', '63543502061-8', '', 'ปกติ', 'ครุศาสตร์อุตสาหกรรมบัณฑิต สาขาวิชาวิศวกรรมไฟฟ้า (วิศวกรรมคอมพิวเตอร์) 2560', 'ค.อ.บ.วิศวกรรมไฟฟ้า - วิศวกรรมคอมพิวเตอร์ (5ปี)', '0000-00-00', 'ชาย', '', '', 0, '0000-00-00 00:00:00', ''),
(452, 'นาย', 'กฤษกร', 'เจริญชัย', '64543502030-2', '', 'ปกติ', 'ครุศาสตร์อุตสาหกรรมบัณฑิต สาขาวิชาวิศวกรรมไฟฟ้า (วิศวกรรมคอมพิวเตอร์) 2560', 'ค.อ.บ.วิศวกรรมไฟฟ้า - วิศวกรรมคอมพิวเตอร์', '0000-00-00', 'ชาย', '', '', 0, '0000-00-00 00:00:00', ''),
(453, 'นาย', 'กฤษณา', 'วิจันทร์โต', '64543502031-0', '', 'ปกติ', 'ครุศาสตร์อุตสาหกรรมบัณฑิต สาขาวิชาวิศวกรรมไฟฟ้า (วิศวกรรมคอมพิวเตอร์) 2560', 'ค.อ.บ.วิศวกรรมไฟฟ้า - วิศวกรรมคอมพิวเตอร์', '0000-00-00', 'ชาย', '', '', 0, '0000-00-00 00:00:00', ''),
(454, 'นาย', 'กิตติณพ', 'ประภาสโนบล', '64543502032-8', '', 'ปกติ', 'ครุศาสตร์อุตสาหกรรมบัณฑิต สาขาวิชาวิศวกรรมไฟฟ้า (วิศวกรรมคอมพิวเตอร์) 2560', 'ค.อ.บ.วิศวกรรมไฟฟ้า - วิศวกรรมคอมพิวเตอร์', '0000-00-00', 'ชาย', '', '', 0, '0000-00-00 00:00:00', ''),
(455, 'นาย', 'กิตติศักดิ์', 'ณ วัน', '64543502033-6', '', 'ปกติ', 'ครุศาสตร์อุตสาหกรรมบัณฑิต สาขาวิชาวิศวกรรมไฟฟ้า (วิศวกรรมคอมพิวเตอร์) 2560', 'ค.อ.บ.วิศวกรรมไฟฟ้า - วิศวกรรมคอมพิวเตอร์', '0000-00-00', 'ชาย', '', '', 0, '0000-00-00 00:00:00', ''),
(456, 'นาย', 'จักรพันธ์', 'บุญตัน', '64543502035-1', '', 'ปกติ', 'ครุศาสตร์อุตสาหกรรมบัณฑิต สาขาวิชาวิศวกรรมไฟฟ้า (วิศวกรรมคอมพิวเตอร์) 2560', 'ค.อ.บ.วิศวกรรมไฟฟ้า - วิศวกรรมคอมพิวเตอร์', '0000-00-00', 'ชาย', '', '', 0, '0000-00-00 00:00:00', ''),
(457, 'นาย', 'ชยพล', 'อิ่นศิริ', '64543502036-9', '', 'ปกติ', 'ครุศาสตร์อุตสาหกรรมบัณฑิต สาขาวิชาวิศวกรรมไฟฟ้า (วิศวกรรมคอมพิวเตอร์) 2560', 'ค.อ.บ.วิศวกรรมไฟฟ้า - วิศวกรรมคอมพิวเตอร์', '0000-00-00', 'ชาย', '', '', 0, '0000-00-00 00:00:00', ''),
(458, 'นาย', 'ณัฐวัศ', 'พุ่มพวง', '64543502037-7', '', 'ปกติ', 'ครุศาสตร์อุตสาหกรรมบัณฑิต สาขาวิชาวิศวกรรมไฟฟ้า (วิศวกรรมคอมพิวเตอร์) 2560', 'ค.อ.บ.วิศวกรรมไฟฟ้า - วิศวกรรมคอมพิวเตอร์', '0000-00-00', 'ชาย', '', '', 0, '0000-00-00 00:00:00', ''),
(459, 'นาย', 'ธนกร', 'บุญชุ่ม', '64543502038-5', '', 'พ้นสภาพไม่ผ่านเกณฑ์วัดผล', 'ครุศาสตร์อุตสาหกรรมบัณฑิต สาขาวิชาวิศวกรรมไฟฟ้า (วิศวกรรมคอมพิวเตอร์) 2560', 'ค.อ.บ.วิศวกรรมไฟฟ้า - วิศวกรรมคอมพิวเตอร์', '0000-00-00', 'ชาย', '', '', 0, '0000-00-00 00:00:00', ''),
(460, 'นาย', 'นรเศรษฐ์', 'บุญทา', '64543502041-9', '', 'ปกติ', 'ครุศาสตร์อุตสาหกรรมบัณฑิต สาขาวิชาวิศวกรรมไฟฟ้า (วิศวกรรมคอมพิวเตอร์) 2560', 'ค.อ.บ.วิศวกรรมไฟฟ้า - วิศวกรรมคอมพิวเตอร์', '0000-00-00', 'ชาย', '', '', 0, '0000-00-00 00:00:00', ''),
(461, 'นาย', 'นฤเศรษฐ์', 'บุญทา', '64543502043-5', '', 'ปกติ', 'ครุศาสตร์อุตสาหกรรมบัณฑิต สาขาวิชาวิศวกรรมไฟฟ้า (วิศวกรรมคอมพิวเตอร์) 2560', 'ค.อ.บ.วิศวกรรมไฟฟ้า - วิศวกรรมคอมพิวเตอร์', '0000-00-00', 'ชาย', '', '', 0, '0000-00-00 00:00:00', ''),
(462, 'นาย', 'นิติภูมิ', 'ภูมิรัตน์', '64543502044-3', '', 'ปกติ', 'ครุศาสตร์อุตสาหกรรมบัณฑิต สาขาวิชาวิศวกรรมไฟฟ้า (วิศวกรรมคอมพิวเตอร์) 2560', 'ค.อ.บ.วิศวกรรมไฟฟ้า - วิศวกรรมคอมพิวเตอร์', '0000-00-00', 'ชาย', '', '', 0, '0000-00-00 00:00:00', ''),
(463, 'นาย', 'บัณฑิต', 'บุญมั่น', '64543502045-0', '', 'ปกติ', 'ครุศาสตร์อุตสาหกรรมบัณฑิต สาขาวิชาวิศวกรรมไฟฟ้า (วิศวกรรมคอมพิวเตอร์) 2560', 'ค.อ.บ.วิศวกรรมไฟฟ้า - วิศวกรรมคอมพิวเตอร์', '0000-00-00', 'ชาย', '', '', 0, '0000-00-00 00:00:00', ''),
(464, 'นาย', 'บุศย์', 'จินะโต้ง', '64543502046-8', '', 'ปกติ', 'ครุศาสตร์อุตสาหกรรมบัณฑิต สาขาวิชาวิศวกรรมไฟฟ้า (วิศวกรรมคอมพิวเตอร์) 2560', 'ค.อ.บ.วิศวกรรมไฟฟ้า - วิศวกรรมคอมพิวเตอร์', '0000-00-00', 'ชาย', '', '', 0, '0000-00-00 00:00:00', ''),
(465, 'นาย', 'ปุญญพัฒน์', 'จันต๊ะวงศ์', '64543502047-6', '', 'ปกติ', 'ครุศาสตร์อุตสาหกรรมบัณฑิต สาขาวิชาวิศวกรรมไฟฟ้า (วิศวกรรมคอมพิวเตอร์) 2560', 'ค.อ.บ.วิศวกรรมไฟฟ้า - วิศวกรรมคอมพิวเตอร์', '0000-00-00', 'ชาย', '', '', 0, '0000-00-00 00:00:00', ''),
(466, 'นาย', 'พีชญะ', 'มาลารัตน์', '64543502049-2', '', 'ปกติ', 'ครุศาสตร์อุตสาหกรรมบัณฑิต สาขาวิชาวิศวกรรมไฟฟ้า (วิศวกรรมคอมพิวเตอร์) 2560', 'ค.อ.บ.วิศวกรรมไฟฟ้า - วิศวกรรมคอมพิวเตอร์', '0000-00-00', 'ชาย', '', '', 0, '0000-00-00 00:00:00', ''),
(467, 'นาย', 'ยุทธนา', 'ฟักแฟง', '64543502050-0', '', 'ปกติ', 'ครุศาสตร์อุตสาหกรรมบัณฑิต สาขาวิชาวิศวกรรมไฟฟ้า (วิศวกรรมคอมพิวเตอร์) 2560', 'ค.อ.บ.วิศวกรรมไฟฟ้า - วิศวกรรมคอมพิวเตอร์', '0000-00-00', 'ชาย', '', '', 0, '0000-00-00 00:00:00', ''),
(468, 'น.ส.', 'สวภาว์', 'จินะใจ', '64543502052-6', '', 'ปกติ', 'ครุศาสตร์อุตสาหกรรมบัณฑิต สาขาวิชาวิศวกรรมไฟฟ้า (วิศวกรรมคอมพิวเตอร์) 2560', 'ค.อ.บ.วิศวกรรมไฟฟ้า - วิศวกรรมคอมพิวเตอร์', '0000-00-00', 'หญิง', '', '', 0, '0000-00-00 00:00:00', ''),
(469, 'นาย', 'อัษฎาวุธ', 'ดีมงคล', '64543502053-4', '', 'ปกติ', 'ครุศาสตร์อุตสาหกรรมบัณฑิต สาขาวิชาวิศวกรรมไฟฟ้า (วิศวกรรมคอมพิวเตอร์) 2560', 'ค.อ.บ.วิศวกรรมไฟฟ้า - วิศวกรรมคอมพิวเตอร์', '0000-00-00', 'ชาย', '', '', 0, '0000-00-00 00:00:00', ''),
(470, 'นาย', 'ฐิติศักดิ์', 'ขยัก', '64543502057-5', '', 'ปกติ', 'ครุศาสตร์อุตสาหกรรมบัณฑิต สาขาวิชาวิศวกรรมไฟฟ้า (วิศวกรรมคอมพิวเตอร์) 2560', 'ค.อ.บ.วิศวกรรมไฟฟ้า - วิศวกรรมคอมพิวเตอร์', '0000-00-00', 'ชาย', '', '', 0, '0000-00-00 00:00:00', ''),
(471, 'นาย', 'ธนะพงษ์', 'ชมภู', '64543502058-3', '', 'ปกติ', 'ครุศาสตร์อุตสาหกรรมบัณฑิต สาขาวิชาวิศวกรรมไฟฟ้า (วิศวกรรมคอมพิวเตอร์) 2560', 'ค.อ.บ.วิศวกรรมไฟฟ้า - วิศวกรรมคอมพิวเตอร์', '0000-00-00', 'ชาย', '', '', 0, '0000-00-00 00:00:00', ''),
(472, 'นาย', 'ปุณณวิช', 'เชียงจันทร์', '64543502059-1', '', 'ถอนชื่อออก', 'ครุศาสตร์อุตสาหกรรมบัณฑิต สาขาวิชาวิศวกรรมไฟฟ้า (วิศวกรรมคอมพิวเตอร์) 2560', 'ค.อ.บ.วิศวกรรมไฟฟ้า - วิศวกรรมคอมพิวเตอร์', '0000-00-00', 'ชาย', '', '', 0, '0000-00-00 00:00:00', ''),
(473, 'นาย', 'พรพิพัฒน์', 'กันธิยะ', '64543502060-9', '', 'ถอนชื่อออก', 'ครุศาสตร์อุตสาหกรรมบัณฑิต สาขาวิชาวิศวกรรมไฟฟ้า (วิศวกรรมคอมพิวเตอร์) 2560', 'ค.อ.บ.วิศวกรรมไฟฟ้า - วิศวกรรมคอมพิวเตอร์', '0000-00-00', 'ชาย', '', '', 0, '0000-00-00 00:00:00', ''),
(474, 'นาย', 'ศิวกร', 'สุทธิวงศ์', '64543502061-7', '', 'ปกติ', 'ครุศาสตร์อุตสาหกรรมบัณฑิต สาขาวิชาวิศวกรรมไฟฟ้า (วิศวกรรมคอมพิวเตอร์) 2560', 'ค.อ.บ.วิศวกรรมไฟฟ้า - วิศวกรรมคอมพิวเตอร์', '0000-00-00', 'ชาย', '', '', 0, '0000-00-00 00:00:00', ''),
(475, 'นาย', 'กรณ์ดนัย', 'ศรีสุริยานุรักษ์', '65543206001-1', '', 'ปกติ', 'วิศวกรรมศาสตรบัณฑิต สาขาวิชาวิศวกรรมคอมพิวเตอร์ 2565', 'วศ.บ.วิศวกรรมคอมพิวเตอร์ ห้อง ก', '0000-00-00', 'ชาย', '', '', 0, '0000-00-00 00:00:00', ''),
(476, 'นาย', 'กฤษฎากรณ์', 'ปุนนพานิช', '65543206002-9', '', 'ปกติ', 'วิศวกรรมศาสตรบัณฑิต สาขาวิชาวิศวกรรมคอมพิวเตอร์ 2565', 'วศ.บ.วิศวกรรมคอมพิวเตอร์ ห้อง ก', '0000-00-00', 'ชาย', '', '', 0, '0000-00-00 00:00:00', ''),
(477, 'นาย', 'กวีวัธน์', 'กาญจน์สุพัฒนากุล', '65543206003-7', '', 'ปกติ', 'วิศวกรรมศาสตรบัณฑิต สาขาวิชาวิศวกรรมคอมพิวเตอร์ 2565', 'วศ.บ.วิศวกรรมคอมพิวเตอร์ ห้อง ข', '0000-00-00', 'ชาย', '', '', 0, '0000-00-00 00:00:00', ''),
(478, 'นาย', 'กิตตินันท์', 'พรรณฤทธิ์', '65543206004-5', '', 'ปกติ', 'วิศวกรรมศาสตรบัณฑิต สาขาวิชาวิศวกรรมคอมพิวเตอร์ 2565', 'วศ.บ.วิศวกรรมคอมพิวเตอร์ ห้อง ค', '0000-00-00', 'ชาย', '', '', 0, '0000-00-00 00:00:00', ''),
(479, 'นาย', 'กิตติพงษ์', 'ปาลี', '65543206005-2', '', 'ปกติ', 'วิศวกรรมศาสตรบัณฑิต สาขาวิชาวิศวกรรมคอมพิวเตอร์ 2565', 'วศ.บ.วิศวกรรมคอมพิวเตอร์ ห้อง ก', '0000-00-00', 'ชาย', '', '', 0, '0000-00-00 00:00:00', ''),
(480, 'นาย', 'คณาพล', 'คณากุลสวรรค์', '65543206006-0', '', 'ปกติ', 'วิศวกรรมศาสตรบัณฑิต สาขาวิชาวิศวกรรมคอมพิวเตอร์ 2565', 'วศ.บ.วิศวกรรมคอมพิวเตอร์ ห้อง ก', '0000-00-00', 'ชาย', '', '', 0, '0000-00-00 00:00:00', ''),
(481, 'นาย', 'จิตตพงษ์', 'จงใจ', '65543206007-8', '', 'ปกติ', 'วิศวกรรมศาสตรบัณฑิต สาขาวิชาวิศวกรรมคอมพิวเตอร์ 2565', 'วศ.บ.วิศวกรรมคอมพิวเตอร์ ห้อง ค', '0000-00-00', 'ชาย', '', '', 0, '0000-00-00 00:00:00', ''),
(482, 'นาย', 'จิรายุส', 'ธรรมมงคล', '65543206008-6', '', 'ปกติ', 'วิศวกรรมศาสตรบัณฑิต สาขาวิชาวิศวกรรมคอมพิวเตอร์ 2565', 'วศ.บ.วิศวกรรมคอมพิวเตอร์ ห้อง ก', '0000-00-00', 'ชาย', '', '', 0, '0000-00-00 00:00:00', ''),
(483, 'นาย', 'ฉัตริน', 'ใสสี', '65543206009-4', '', 'ปกติ', 'วิศวกรรมศาสตรบัณฑิต สาขาวิชาวิศวกรรมคอมพิวเตอร์ 2565', 'วศ.บ.วิศวกรรมคอมพิวเตอร์ ห้อง ค', '0000-00-00', 'ชาย', '', '', 0, '0000-00-00 00:00:00', ''),
(484, 'น.ส.', 'ณัฐกานต์', 'แก้วสามต่อ', '65543206010-2', '', 'ปกติ', 'วิศวกรรมศาสตรบัณฑิต สาขาวิชาวิศวกรรมคอมพิวเตอร์ 2565', 'วศ.บ.วิศวกรรมคอมพิวเตอร์ ห้อง ค', '0000-00-00', 'หญิง', '', '', 0, '0000-00-00 00:00:00', ''),
(485, 'นาย', 'ณัฐภัทร', 'เจริญกิจหัตถกร', '65543206011-0', '', 'ปกติ', 'วิศวกรรมศาสตรบัณฑิต สาขาวิชาวิศวกรรมคอมพิวเตอร์ 2565', 'วศ.บ.วิศวกรรมคอมพิวเตอร์ ห้อง ค', '0000-00-00', 'ชาย', '', '', 0, '0000-00-00 00:00:00', ''),
(486, 'นาย', 'ณัฐภัทร', 'สุระธง', '65543206012-8', '', 'ปกติ', 'วิศวกรรมศาสตรบัณฑิต สาขาวิชาวิศวกรรมคอมพิวเตอร์ 2565', 'วศ.บ.วิศวกรรมคอมพิวเตอร์ ห้อง ก', '0000-00-00', 'ชาย', '', '', 0, '0000-00-00 00:00:00', ''),
(487, 'นาย', 'ณัฐสิทธิ์', 'มูลพุ่มสาย', '65543206013-6', '', 'ปกติ', 'วิศวกรรมศาสตรบัณฑิต สาขาวิชาวิศวกรรมคอมพิวเตอร์ 2565', 'วศ.บ.วิศวกรรมคอมพิวเตอร์ ห้อง ค', '0000-00-00', 'ชาย', '', '', 0, '0000-00-00 00:00:00', ''),
(488, 'นาย', 'ทินภัทร', 'แก้วชมภู', '65543206014-4', '', 'ปกติ', 'วิศวกรรมศาสตรบัณฑิต สาขาวิชาวิศวกรรมคอมพิวเตอร์ 2565', 'วศ.บ.วิศวกรรมคอมพิวเตอร์ ห้อง ก', '0000-00-00', 'ชาย', '', '', 0, '0000-00-00 00:00:00', ''),
(489, 'นาย', 'ธณรัฐ', 'คำฟู', '65543206015-1', '', 'ปกติ', 'วิศวกรรมศาสตรบัณฑิต สาขาวิชาวิศวกรรมคอมพิวเตอร์ 2565', 'วศ.บ.วิศวกรรมคอมพิวเตอร์ ห้อง ก', '0000-00-00', 'ชาย', '', '', 0, '0000-00-00 00:00:00', ''),
(490, 'นาย', 'ธีรเดช', 'ประเสริฐวงศ์พนา', '65543206016-9', '', 'ปกติ', 'วิศวกรรมศาสตรบัณฑิต สาขาวิชาวิศวกรรมคอมพิวเตอร์ 2565', 'วศ.บ.วิศวกรรมคอมพิวเตอร์ ห้อง ค', '0000-00-00', 'ชาย', '', '', 0, '0000-00-00 00:00:00', ''),
(491, 'นาย', 'ธีรภัทร', 'กันทอง', '65543206017-7', '', 'ปกติ', 'วิศวกรรมศาสตรบัณฑิต สาขาวิชาวิศวกรรมคอมพิวเตอร์ 2565', 'วศ.บ.วิศวกรรมคอมพิวเตอร์ ห้อง ก', '0000-00-00', 'ชาย', '', '', 0, '0000-00-00 00:00:00', ''),
(492, 'นาย', 'ธีรวัฒน์', 'พรมชัย', '65543206018-5', '', 'ปกติ', 'วิศวกรรมศาสตรบัณฑิต สาขาวิชาวิศวกรรมคอมพิวเตอร์ 2565', 'วศ.บ.วิศวกรรมคอมพิวเตอร์ ห้อง ก', '0000-00-00', 'ชาย', '', '', 0, '0000-00-00 00:00:00', ''),
(493, 'นาย', 'ธีระภัทร', 'ชมเชย', '65543206019-3', '', 'ปกติ', 'วิศวกรรมศาสตรบัณฑิต สาขาวิชาวิศวกรรมคอมพิวเตอร์ 2565', 'วศ.บ.วิศวกรรมคอมพิวเตอร์ ห้อง ค', '0000-00-00', 'ชาย', '', '', 0, '0000-00-00 00:00:00', ''),
(494, 'น.ส.', 'บัณฑิตา', 'สุธรรม', '65543206020-1', '', 'ปกติ', 'วิศวกรรมศาสตรบัณฑิต สาขาวิชาวิศวกรรมคอมพิวเตอร์ 2565', 'วศ.บ.วิศวกรรมคอมพิวเตอร์ ห้อง ก', '0000-00-00', 'หญิง', '', '', 0, '0000-00-00 00:00:00', ''),
(495, 'นาย', 'ปพน', 'แซ่จ๊ะ', '65543206021-9', '', 'ปกติ', 'วิศวกรรมศาสตรบัณฑิต สาขาวิชาวิศวกรรมคอมพิวเตอร์ 2565', 'วศ.บ.วิศวกรรมคอมพิวเตอร์ ห้อง ก', '0000-00-00', 'ชาย', '', '', 0, '0000-00-00 00:00:00', ''),
(496, 'นาย', 'ประพันธ์', 'แข็งขัน', '65543206022-7', '', 'ปกติ', 'วิศวกรรมศาสตรบัณฑิต สาขาวิชาวิศวกรรมคอมพิวเตอร์ 2565', 'วศ.บ.วิศวกรรมคอมพิวเตอร์ ห้อง ค', '0000-00-00', 'ชาย', '', '', 0, '0000-00-00 00:00:00', ''),
(497, 'นาย', 'ปุณยวีร์', 'ตาสอน', '65543206023-5', '', 'ปกติ', 'วิศวกรรมศาสตรบัณฑิต สาขาวิชาวิศวกรรมคอมพิวเตอร์ 2565', 'วศ.บ.วิศวกรรมคอมพิวเตอร์ ห้อง ก', '0000-00-00', 'ชาย', '', '', 0, '0000-00-00 00:00:00', ''),
(498, 'นาย', 'พนธกร', 'พวงพยอม', '65543206024-3', '', 'ไม่มารายงานตัว', 'วิศวกรรมศาสตรบัณฑิต สาขาวิชาวิศวกรรมคอมพิวเตอร์ 2565', 'วศ.บ.วิศวกรรมคอมพิวเตอร์ ห้อง ก', '0000-00-00', 'ชาย', '', '', 0, '0000-00-00 00:00:00', ''),
(499, 'นาย', 'พัชรพล', 'โยริยะ', '65543206025-0', '', 'ปกติ', 'วิศวกรรมศาสตรบัณฑิต สาขาวิชาวิศวกรรมคอมพิวเตอร์ 2565', 'วศ.บ.วิศวกรรมคอมพิวเตอร์ ห้อง ก', '0000-00-00', 'ชาย', '', '', 0, '0000-00-00 00:00:00', ''),
(500, 'นาย', 'พัทธนันท์', 'ใจช่วย', '65543206026-8', '', 'ปกติ', 'วิศวกรรมศาสตรบัณฑิต สาขาวิชาวิศวกรรมคอมพิวเตอร์ 2565', 'วศ.บ.วิศวกรรมคอมพิวเตอร์ ห้อง ค', '0000-00-00', 'ชาย', '', '', 0, '0000-00-00 00:00:00', ''),
(501, 'นาย', 'พิทักษ์', 'บุญน้อย', '65543206027-6', '', 'ปกติ', 'วิศวกรรมศาสตรบัณฑิต สาขาวิชาวิศวกรรมคอมพิวเตอร์ 2565', 'วศ.บ.วิศวกรรมคอมพิวเตอร์ ห้อง ก', '0000-00-00', 'ชาย', '', '', 0, '0000-00-00 00:00:00', ''),
(502, 'นาย', 'พุฒิพงศ์', 'หลีแก้วสาย', '65543206028-4', '', 'ปกติ', 'วิศวกรรมศาสตรบัณฑิต สาขาวิชาวิศวกรรมคอมพิวเตอร์ 2565', 'วศ.บ.วิศวกรรมคอมพิวเตอร์ ห้อง ค', '0000-00-00', 'ชาย', '', '', 0, '0000-00-00 00:00:00', ''),
(503, 'นาย', 'ภีมวัจน์', 'ทรายตา', '65543206029-2', '', 'ปกติ', 'วิศวกรรมศาสตรบัณฑิต สาขาวิชาวิศวกรรมคอมพิวเตอร์ 2565', 'วศ.บ.วิศวกรรมคอมพิวเตอร์ ห้อง ค', '0000-00-00', 'ชาย', '', '', 0, '0000-00-00 00:00:00', ''),
(504, 'นาย', 'ยุทธพงค์', 'ขอดขันคำ', '65543206030-0', '', 'ปกติ', 'วิศวกรรมศาสตรบัณฑิต สาขาวิชาวิศวกรรมคอมพิวเตอร์ 2565', 'วศ.บ.วิศวกรรมคอมพิวเตอร์ ห้อง ก', '0000-00-00', 'ชาย', '', '', 0, '0000-00-00 00:00:00', ''),
(505, 'นาย', 'รชตะ', 'รุ่งราตรี', '65543206031-8', '', 'ปกติ', 'วิศวกรรมศาสตรบัณฑิต สาขาวิชาวิศวกรรมคอมพิวเตอร์ 2565', 'วศ.บ.วิศวกรรมคอมพิวเตอร์ ห้อง ก', '0000-00-00', 'ชาย', '', '', 0, '0000-00-00 00:00:00', ''),
(506, 'นาย', 'วรพฤกษ์', 'พงษปิน', '65543206032-6', '', 'ปกติ', 'วิศวกรรมศาสตรบัณฑิต สาขาวิชาวิศวกรรมคอมพิวเตอร์ 2565', 'วศ.บ.วิศวกรรมคอมพิวเตอร์ ห้อง ก', '0000-00-00', 'ชาย', '', '', 0, '0000-00-00 00:00:00', ''),
(507, 'น.ส.', 'วิรัญญา', 'ยอดศรี', '65543206034-2', '', 'ปกติ', 'วิศวกรรมศาสตรบัณฑิต สาขาวิชาวิศวกรรมคอมพิวเตอร์ 2565', 'วศ.บ.วิศวกรรมคอมพิวเตอร์ ห้อง ก', '0000-00-00', 'หญิง', '', '', 0, '0000-00-00 00:00:00', ''),
(508, 'นาย', 'วุฒิภัทร', 'ศรีคำ', '65543206035-9', '', 'ปกติ', 'วิศวกรรมศาสตรบัณฑิต สาขาวิชาวิศวกรรมคอมพิวเตอร์ 2565', 'วศ.บ.วิศวกรรมคอมพิวเตอร์ ห้อง ก', '0000-00-00', 'ชาย', '', '', 0, '0000-00-00 00:00:00', ''),
(509, 'นาย', 'ศิริฤกษ์', 'อินตาคำ', '65543206036-7', '', 'ปกติ', 'วิศวกรรมศาสตรบัณฑิต สาขาวิชาวิศวกรรมคอมพิวเตอร์ 2565', 'วศ.บ.วิศวกรรมคอมพิวเตอร์ ห้อง ก', '0000-00-00', 'ชาย', '', '', 0, '0000-00-00 00:00:00', ''),
(510, 'นาย', 'สหชา', 'อินทร์ไชย', '65543206037-5', '', 'ปกติ', 'วิศวกรรมศาสตรบัณฑิต สาขาวิชาวิศวกรรมคอมพิวเตอร์ 2565', 'วศ.บ.วิศวกรรมคอมพิวเตอร์ ห้อง ก', '0000-00-00', 'ชาย', '', '', 0, '0000-00-00 00:00:00', ''),
(511, 'นาย', 'สันติ', 'คูเขียว', '65543206038-3', '', 'ปกติ', 'วิศวกรรมศาสตรบัณฑิต สาขาวิชาวิศวกรรมคอมพิวเตอร์ 2565', 'วศ.บ.วิศวกรรมคอมพิวเตอร์ ห้อง ค', '0000-00-00', 'ชาย', '', '', 0, '0000-00-00 00:00:00', ''),
(512, 'นาย', 'โอภาสพันธ์', 'กลิ่นชื่นจิต', '65543206039-1', '', 'ปกติ', 'วิศวกรรมศาสตรบัณฑิต สาขาวิชาวิศวกรรมคอมพิวเตอร์ 2565', 'วศ.บ.วิศวกรรมคอมพิวเตอร์ ห้อง ค', '0000-00-00', 'ชาย', '', '', 0, '0000-00-00 00:00:00', ''),
(513, 'นาย', 'กรกช', 'ไตรอุโฆษ', '65543206040-9', '', 'ปกติ', 'วิศวกรรมศาสตรบัณฑิต สาขาวิชาวิศวกรรมคอมพิวเตอร์ 2565', 'วศ.บ.วิศวกรรมคอมพิวเตอร์ ห้อง ค', '0000-00-00', 'ชาย', '', '', 0, '0000-00-00 00:00:00', ''),
(514, 'นาย', 'กฤษฎา', 'วิริยา', '65543206041-7', '', 'ปกติ', 'วิศวกรรมศาสตรบัณฑิต สาขาวิชาวิศวกรรมคอมพิวเตอร์ 2565', 'วศ.บ.วิศวกรรมคอมพิวเตอร์ ห้อง ก', '0000-00-00', 'ชาย', '', '', 0, '0000-00-00 00:00:00', ''),
(515, 'นาย', 'กฤษดาวุธ', 'ดีมงคล', '65543206042-5', '', 'ปกติ', 'วิศวกรรมศาสตรบัณฑิต สาขาวิชาวิศวกรรมคอมพิวเตอร์ 2565', 'วศ.บ.วิศวกรรมคอมพิวเตอร์ ห้อง ก', '0000-00-00', 'ชาย', '', '', 0, '0000-00-00 00:00:00', ''),
(516, 'นาย', 'กันตวิชญ์', 'ลุงอ่อง', '65543206044-1', '', 'ปกติ', 'วิศวกรรมศาสตรบัณฑิต สาขาวิชาวิศวกรรมคอมพิวเตอร์ 2565', 'วศ.บ.วิศวกรรมคอมพิวเตอร์ ห้อง ค', '0000-00-00', 'ชาย', '', '', 0, '0000-00-00 00:00:00', ''),
(517, 'นาย', 'เกรียงไกร', 'อินต๊ะสิน', '65543206046-6', '', 'ปกติ', 'วิศวกรรมศาสตรบัณฑิต สาขาวิชาวิศวกรรมคอมพิวเตอร์ 2565', 'วศ.บ.วิศวกรรมคอมพิวเตอร์ ห้อง ค', '0000-00-00', 'ชาย', '', '', 0, '0000-00-00 00:00:00', ''),
(518, 'นาย', 'จอมพล', 'ชมมณี', '65543206047-4', '', 'ปกติ', 'วิศวกรรมศาสตรบัณฑิต สาขาวิชาวิศวกรรมคอมพิวเตอร์ 2565', 'วศ.บ.วิศวกรรมคอมพิวเตอร์ ห้อง ค', '0000-00-00', 'ชาย', '', '', 0, '0000-00-00 00:00:00', ''),
(519, 'นาย', 'จิรัฏฐ์', 'อินวิจิตร', '65543206048-2', '', 'ปกติ', 'วิศวกรรมศาสตรบัณฑิต สาขาวิชาวิศวกรรมคอมพิวเตอร์ 2565', 'วศ.บ.วิศวกรรมคอมพิวเตอร์ ห้อง ค', '0000-00-00', 'ชาย', '', '', 0, '0000-00-00 00:00:00', ''),
(520, 'นาย', 'ชยธร', 'เอียดราช', '65543206049-0', '', 'ปกติ', 'วิศวกรรมศาสตรบัณฑิต สาขาวิชาวิศวกรรมคอมพิวเตอร์ 2565', 'วศ.บ.วิศวกรรมคอมพิวเตอร์ ห้อง ค', '0000-00-00', 'ชาย', '', '', 0, '0000-00-00 00:00:00', ''),
(521, 'นาย', 'ชยานันต์', 'ยอดอุส่าห์', '65543206050-8', '', 'พ้นสภาพไม่ผ่านเกณฑ์วัดผล', 'วิศวกรรมศาสตรบัณฑิต สาขาวิชาวิศวกรรมคอมพิวเตอร์ 2565', 'วศ.บ.วิศวกรรมคอมพิวเตอร์ ห้อง ค', '0000-00-00', 'ชาย', '', '', 0, '0000-00-00 00:00:00', ''),
(522, 'นาย', 'ฐญา', 'ปัญญาเคิ่ง', '65543206051-6', '', 'ปกติ', 'วิศวกรรมศาสตรบัณฑิต สาขาวิชาวิศวกรรมคอมพิวเตอร์ 2565', 'วศ.บ.วิศวกรรมคอมพิวเตอร์ ห้อง ข', '0000-00-00', 'ชาย', '', '', 0, '0000-00-00 00:00:00', ''),
(523, 'นาย', 'ฐัญกรณ์', 'จรูญจิตรวีร์', '65543206052-4', '', 'ไม่มารายงานตัว', 'วิศวกรรมศาสตรบัณฑิต สาขาวิชาวิศวกรรมคอมพิวเตอร์ 2565', 'วศ.บ.วิศวกรรมคอมพิวเตอร์ ห้อง ค', '0000-00-00', 'ชาย', '', '', 0, '0000-00-00 00:00:00', ''),
(524, 'นาย', 'ณภัทร', 'จอมโพธิ์', '65543206053-2', '', 'ปกติ', 'วิศวกรรมศาสตรบัณฑิต สาขาวิชาวิศวกรรมคอมพิวเตอร์ 2565', 'วศ.บ.วิศวกรรมคอมพิวเตอร์ ห้อง ค', '0000-00-00', 'ชาย', '', '', 0, '0000-00-00 00:00:00', ''),
(525, 'นาย', 'ณรงฤทธิ์', 'มูลเหลา', '65543206054-0', '', 'ปกติ', 'วิศวกรรมศาสตรบัณฑิต สาขาวิชาวิศวกรรมคอมพิวเตอร์ 2565', 'วศ.บ.วิศวกรรมคอมพิวเตอร์ ห้อง ค', '0000-00-00', 'ชาย', '', '', 0, '0000-00-00 00:00:00', ''),
(526, 'น.ส.', 'ณัฐฎภรณ์', 'ใจมนต์', '65543206055-7', '', 'ปกติ', 'วิศวกรรมศาสตรบัณฑิต สาขาวิชาวิศวกรรมคอมพิวเตอร์ 2565', 'วศ.บ.วิศวกรรมคอมพิวเตอร์ ห้อง ข', '0000-00-00', 'หญิง', '', '', 0, '0000-00-00 00:00:00', ''),
(527, 'น.ส.', 'ณัฐณิชา', 'ทารัตน์', '65543206056-5', '', 'ปกติ', 'วิศวกรรมศาสตรบัณฑิต สาขาวิชาวิศวกรรมคอมพิวเตอร์ 2565', 'วศ.บ.วิศวกรรมคอมพิวเตอร์ ห้อง ข', '0000-00-00', 'หญิง', '', '', 0, '0000-00-00 00:00:00', ''),
(528, 'นาย', 'ณัฐพงศ์', 'หงษ์ทอง', '65543206057-3', '', 'ปกติ', 'วิศวกรรมศาสตรบัณฑิต สาขาวิชาวิศวกรรมคอมพิวเตอร์ 2565', 'วศ.บ.วิศวกรรมคอมพิวเตอร์ ห้อง ก', '0000-00-00', 'ชาย', '', '', 0, '0000-00-00 00:00:00', ''),
(529, 'นาย', 'แดนชัย', 'สุรินทร์', '65543206058-1', '', 'ปกติ', 'วิศวกรรมศาสตรบัณฑิต สาขาวิชาวิศวกรรมคอมพิวเตอร์ 2565', 'วศ.บ.วิศวกรรมคอมพิวเตอร์ ห้อง ค', '0000-00-00', 'ชาย', '', '', 0, '0000-00-00 00:00:00', ''),
(530, 'นาย', 'ธนกฤต', 'ถิ่นคำ', '65543206059-9', '', 'ปกติ', 'วิศวกรรมศาสตรบัณฑิต สาขาวิชาวิศวกรรมคอมพิวเตอร์ 2565', 'วศ.บ.วิศวกรรมคอมพิวเตอร์ ห้อง ข', '0000-00-00', 'ชาย', '', '', 0, '0000-00-00 00:00:00', ''),
(531, 'น.ส.', 'ธนภรณ์', 'ภู่ไข่', '65543206060-7', '', 'ปกติ', 'วิศวกรรมศาสตรบัณฑิต สาขาวิชาวิศวกรรมคอมพิวเตอร์ 2565', 'วศ.บ.วิศวกรรมคอมพิวเตอร์ ห้อง ข', '0000-00-00', 'หญิง', '', '', 0, '0000-00-00 00:00:00', ''),
(532, 'นาย', 'ธนากร', 'หมั่นใจ', '65543206061-5', '', 'ปกติ', 'วิศวกรรมศาสตรบัณฑิต สาขาวิชาวิศวกรรมคอมพิวเตอร์ 2565', 'วศ.บ.วิศวกรรมคอมพิวเตอร์ ห้อง ข', '0000-00-00', 'ชาย', '', '', 0, '0000-00-00 00:00:00', ''),
(533, 'นาย', 'ธนาวุฒิ', 'มนัสสา', '65543206062-3', '', 'ปกติ', 'วิศวกรรมศาสตรบัณฑิต สาขาวิชาวิศวกรรมคอมพิวเตอร์ 2565', 'วศ.บ.วิศวกรรมคอมพิวเตอร์ ห้อง ข', '0000-00-00', 'ชาย', '', '', 0, '0000-00-00 00:00:00', ''),
(534, 'นาย', 'ธีรกานต์', 'ฟองคำ', '65543206063-1', '', 'ปกติ', 'วิศวกรรมศาสตรบัณฑิต สาขาวิชาวิศวกรรมคอมพิวเตอร์ 2565', 'วศ.บ.วิศวกรรมคอมพิวเตอร์ ห้อง ข', '0000-00-00', 'ชาย', '', '', 0, '0000-00-00 00:00:00', ''),
(535, 'นาย', 'นพดล', 'ยันนะ', '65543206064-9', '', 'ปกติ', 'วิศวกรรมศาสตรบัณฑิต สาขาวิชาวิศวกรรมคอมพิวเตอร์ 2565', 'วศ.บ.วิศวกรรมคอมพิวเตอร์ ห้อง ข', '0000-00-00', 'ชาย', '', '', 0, '0000-00-00 00:00:00', ''),
(536, 'นาย', 'นรินทร์ญภัทร', 'พิมพ์ประพันธ์', '65543206065-6', '', 'ปกติ', 'วิศวกรรมศาสตรบัณฑิต สาขาวิชาวิศวกรรมคอมพิวเตอร์ 2565', 'วศ.บ.วิศวกรรมคอมพิวเตอร์ ห้อง ข', '0000-00-00', 'ชาย', '', '', 0, '0000-00-00 00:00:00', ''),
(537, 'นาย', 'บุญประพัฒน์', 'ตานัน', '65543206066-4', '', 'ปกติ', 'วิศวกรรมศาสตรบัณฑิต สาขาวิชาวิศวกรรมคอมพิวเตอร์ 2565', 'วศ.บ.วิศวกรรมคอมพิวเตอร์ ห้อง ก', '0000-00-00', 'ชาย', '', '', 0, '0000-00-00 00:00:00', ''),
(538, 'นาย', 'ปฏิภาณ', 'บุญชู', '65543206067-2', '', 'ปกติ', 'วิศวกรรมศาสตรบัณฑิต สาขาวิชาวิศวกรรมคอมพิวเตอร์ 2565', 'วศ.บ.วิศวกรรมคอมพิวเตอร์ ห้อง ข', '0000-00-00', 'ชาย', '', '', 0, '0000-00-00 00:00:00', ''),
(539, 'นาย', 'ปฏิภาณ', 'แสงกาศ', '65543206068-0', '', 'ปกติ', 'วิศวกรรมศาสตรบัณฑิต สาขาวิชาวิศวกรรมคอมพิวเตอร์ 2565', 'วศ.บ.วิศวกรรมคอมพิวเตอร์ ห้อง ข', '0000-00-00', 'ชาย', '', '', 0, '0000-00-00 00:00:00', ''),
(540, 'นาย', 'ปณิธาน', 'กันแก้ว', '65543206069-8', '', 'ปกติ', 'วิศวกรรมศาสตรบัณฑิต สาขาวิชาวิศวกรรมคอมพิวเตอร์ 2565', 'วศ.บ.วิศวกรรมคอมพิวเตอร์ ห้อง ข', '0000-00-00', 'ชาย', '', '', 0, '0000-00-00 00:00:00', ''),
(541, 'นาย', 'ปิยะภูมิ', 'บุญนาค', '65543206070-6', '', 'ปกติ', 'วิศวกรรมศาสตรบัณฑิต สาขาวิชาวิศวกรรมคอมพิวเตอร์ 2565', 'วศ.บ.วิศวกรรมคอมพิวเตอร์ ห้อง ก', '0000-00-00', 'ชาย', '', '', 0, '0000-00-00 00:00:00', ''),
(542, 'นาย', 'พลพล', 'มะยอง', '65543206071-4', '', 'ปกติ', 'วิศวกรรมศาสตรบัณฑิต สาขาวิชาวิศวกรรมคอมพิวเตอร์ 2565', 'วศ.บ.วิศวกรรมคอมพิวเตอร์ ห้อง ข', '0000-00-00', 'ชาย', '', '', 0, '0000-00-00 00:00:00', ''),
(543, 'นาย', 'พัทธ์', 'วงศ์สวัสดิ์', '65543206072-2', '', 'ปกติ', 'วิศวกรรมศาสตรบัณฑิต สาขาวิชาวิศวกรรมคอมพิวเตอร์ 2565', 'วศ.บ.วิศวกรรมคอมพิวเตอร์ ห้อง ข', '0000-00-00', 'ชาย', '', '', 0, '0000-00-00 00:00:00', ''),
(544, 'น.ส.', 'พานพลอย', 'รักปัญญา', '65543206073-0', '', 'ปกติ', 'วิศวกรรมศาสตรบัณฑิต สาขาวิชาวิศวกรรมคอมพิวเตอร์ 2565', 'วศ.บ.วิศวกรรมคอมพิวเตอร์ ห้อง ก', '0000-00-00', 'หญิง', '', '', 0, '0000-00-00 00:00:00', ''),
(545, 'น.ส.', 'พิมพา', 'นารี', '65543206074-8', '', 'ปกติ', 'วิศวกรรมศาสตรบัณฑิต สาขาวิชาวิศวกรรมคอมพิวเตอร์ 2565', 'วศ.บ.วิศวกรรมคอมพิวเตอร์ ห้อง ก', '0000-00-00', 'หญิง', '', '', 0, '0000-00-00 00:00:00', ''),
(546, 'นาย', 'เพิ่มทรัพย์', 'บัวมั่น', '65543206075-5', '', 'ปกติ', 'วิศวกรรมศาสตรบัณฑิต สาขาวิชาวิศวกรรมคอมพิวเตอร์ 2565', 'วศ.บ.วิศวกรรมคอมพิวเตอร์ ห้อง ก', '0000-00-00', 'ชาย', '', '', 0, '0000-00-00 00:00:00', ''),
(547, 'น.ส.', 'เมธาวี', 'วรรณารักษ์', '65543206076-3', '', 'ปกติ', 'วิศวกรรมศาสตรบัณฑิต สาขาวิชาวิศวกรรมคอมพิวเตอร์ 2565', 'วศ.บ.วิศวกรรมคอมพิวเตอร์ ห้อง ก', '0000-00-00', 'หญิง', '', '', 0, '0000-00-00 00:00:00', ''),
(548, 'น.ส.', 'รัชนีกร', 'เชื้อดี', '65543206077-1', '', 'ปกติ', 'วิศวกรรมศาสตรบัณฑิต สาขาวิชาวิศวกรรมคอมพิวเตอร์ 2565', 'วศ.บ.วิศวกรรมคอมพิวเตอร์ ห้อง ข', '0000-00-00', 'หญิง', '', '', 0, '0000-00-00 00:00:00', ''),
(549, 'นาย', 'วีรวุฒิ', 'ลักขณาธร', '65543206078-9', '', 'ปกติ', 'วิศวกรรมศาสตรบัณฑิต สาขาวิชาวิศวกรรมคอมพิวเตอร์ 2565', 'วศ.บ.วิศวกรรมคอมพิวเตอร์ ห้อง ข', '0000-00-00', 'ชาย', '', '', 0, '0000-00-00 00:00:00', ''),
(550, 'นาย', 'วุฒิพงศ์', 'เขียวขำ', '65543206079-7', '', 'ปกติ', 'วิศวกรรมศาสตรบัณฑิต สาขาวิชาวิศวกรรมคอมพิวเตอร์ 2565', 'วศ.บ.วิศวกรรมคอมพิวเตอร์ ห้อง ข', '0000-00-00', 'ชาย', '', '', 0, '0000-00-00 00:00:00', ''),
(551, 'นาย', 'ศรายุทธ', 'มีปัญญา', '65543206080-5', '', 'ปกติ', 'วิศวกรรมศาสตรบัณฑิต สาขาวิชาวิศวกรรมคอมพิวเตอร์ 2565', 'วศ.บ.วิศวกรรมคอมพิวเตอร์ ห้อง ก', '0000-00-00', 'ชาย', '', '', 0, '0000-00-00 00:00:00', ''),
(552, 'นาย', 'สรยุทธ', 'จาปัญญะ', '65543206081-3', '', 'ปกติ', 'วิศวกรรมศาสตรบัณฑิต สาขาวิชาวิศวกรรมคอมพิวเตอร์ 2565', 'วศ.บ.วิศวกรรมคอมพิวเตอร์ ห้อง ก', '0000-00-00', 'ชาย', '', '', 0, '0000-00-00 00:00:00', ''),
(553, 'นาย', 'สารินทร์', 'อินต๊ะรักษา', '65543206082-1', '', 'ปกติ', 'วิศวกรรมศาสตรบัณฑิต สาขาวิชาวิศวกรรมคอมพิวเตอร์ 2565', 'วศ.บ.วิศวกรรมคอมพิวเตอร์ ห้อง ข', '0000-00-00', 'ชาย', '', '', 0, '0000-00-00 00:00:00', ''),
(554, 'นาย', 'สิทธิโชค', 'เจ๊กแสง', '65543206083-9', '', 'ปกติ', 'วิศวกรรมศาสตรบัณฑิต สาขาวิชาวิศวกรรมคอมพิวเตอร์ 2565', 'วศ.บ.วิศวกรรมคอมพิวเตอร์ ห้อง ข', '0000-00-00', 'ชาย', '', '', 0, '0000-00-00 00:00:00', ''),
(555, 'นาย', 'สุขสันต์', 'คำยา', '65543206084-7', '', 'ปกติ', 'วิศวกรรมศาสตรบัณฑิต สาขาวิชาวิศวกรรมคอมพิวเตอร์ 2565', 'วศ.บ.วิศวกรรมคอมพิวเตอร์ ห้อง ก', '0000-00-00', 'ชาย', '', '', 0, '0000-00-00 00:00:00', ''),
(556, 'นาย', 'สุชาติ', 'จันทร์ดวงโอด', '65543206085-4', '', 'ปกติ', 'วิศวกรรมศาสตรบัณฑิต สาขาวิชาวิศวกรรมคอมพิวเตอร์ 2565', 'วศ.บ.วิศวกรรมคอมพิวเตอร์ ห้อง ข', '0000-00-00', 'ชาย', '', '', 0, '0000-00-00 00:00:00', ''),
(557, 'นาย', 'อธิศ', 'สุนทโรดม', '65543206086-2', '', 'ปกติ', 'วิศวกรรมศาสตรบัณฑิต สาขาวิชาวิศวกรรมคอมพิวเตอร์ 2565', 'วศ.บ.วิศวกรรมคอมพิวเตอร์ ห้อง ข', '0000-00-00', 'ชาย', '', '', 0, '0000-00-00 00:00:00', ''),
(558, 'นาย', 'อภินันท์', 'หงษ์พงษ์', '65543206087-0', '', 'ปกติ', 'วิศวกรรมศาสตรบัณฑิต สาขาวิชาวิศวกรรมคอมพิวเตอร์ 2565', 'วศ.บ.วิศวกรรมคอมพิวเตอร์ ห้อง ข', '0000-00-00', 'ชาย', '', '', 0, '0000-00-00 00:00:00', ''),
(559, 'น.ส.', 'อริยา', 'รันยะ', '65543206088-8', '', 'ปกติ', 'วิศวกรรมศาสตรบัณฑิต สาขาวิชาวิศวกรรมคอมพิวเตอร์ 2565', 'วศ.บ.วิศวกรรมคอมพิวเตอร์ ห้อง ค', '0000-00-00', 'หญิง', '', '', 0, '0000-00-00 00:00:00', ''),
(560, 'นาย', 'เอกธนา', 'อภิญญาวิวัฒน์', '65543206089-6', '', 'ปกติ', 'วิศวกรรมศาสตรบัณฑิต สาขาวิชาวิศวกรรมคอมพิวเตอร์ 2565', 'วศ.บ.วิศวกรรมคอมพิวเตอร์ ห้อง ก', '0000-00-00', 'ชาย', '', '', 0, '0000-00-00 00:00:00', ''),
(561, 'นาย', 'ณรงค์ศักดิ์', 'คงคลอด', '65543206129-0', '', 'ปกติ', 'วิศวกรรมศาสตรบัณฑิต สาขาวิชาวิศวกรรมคอมพิวเตอร์ 2565', 'วศ.บ.วิศวกรรมคอมพิวเตอร์ ห้อง ข', '0000-00-00', 'ชาย', '', '', 0, '0000-00-00 00:00:00', ''),
(562, 'นาย', 'ศุภฤกษ์', 'ขันทอง', '65543206130-8', '', 'ปกติ', 'วิศวกรรมศาสตรบัณฑิต สาขาวิชาวิศวกรรมคอมพิวเตอร์ 2565', 'วศ.บ.วิศวกรรมคอมพิวเตอร์ ห้อง ก', '0000-00-00', 'ชาย', '', '', 0, '0000-00-00 00:00:00', ''),
(563, 'นาย', 'เอื้ออังกูร', 'คำเหล็ก', '65543206131-6', '', 'ปกติ', 'วิศวกรรมศาสตรบัณฑิต สาขาวิชาวิศวกรรมคอมพิวเตอร์ 2565', 'วศ.บ.วิศวกรรมคอมพิวเตอร์ ห้อง ข', '0000-00-00', 'ชาย', '', '', 0, '0000-00-00 00:00:00', ''),
(564, 'นาย', 'ณธกฤษ', 'พันธุ์เขตรกิจ', '65543206132-4', '', 'ปกติ', 'วิศวกรรมศาสตรบัณฑิต สาขาวิชาวิศวกรรมคอมพิวเตอร์ 2565', 'วศ.บ.วิศวกรรมคอมพิวเตอร์ ห้อง ก', '0000-00-00', 'ชาย', '', '', 0, '0000-00-00 00:00:00', '');

-- --------------------------------------------------------

--
-- Table structure for table `biographical_teacher`
--

CREATE TABLE `biographical_teacher` (
  `teacher_id` int(11) NOT NULL,
  `prefix` varchar(255) NOT NULL,
  `first_name` varchar(255) NOT NULL,
  `last_name` varchar(255) NOT NULL,
  `id_rmutl` varchar(255) NOT NULL,
  `_email` varchar(255) NOT NULL,
  `status` varchar(255) NOT NULL,
  `curriculum` varchar(255) NOT NULL,
  `section` varchar(255) NOT NULL,
  `major` varchar(255) NOT NULL,
  `brithday` date NOT NULL,
  `gender` varchar(255) NOT NULL,
  `nationality` varchar(255) NOT NULL,
  `religion` varchar(255) NOT NULL,
  `_phone` varchar(255) NOT NULL,
  `ls_deleted` int(11) NOT NULL,
  `created` datetime NOT NULL,
  `_image` varchar(255) NOT NULL
) ENGINE=InnoDB DEFAULT CHARSET=utf8;

--
-- Dumping data for table `biographical_teacher`
--

INSERT INTO `biographical_teacher` (`teacher_id`, `prefix`, `first_name`, `last_name`, `id_rmutl`, `_email`, `status`, `curriculum`, `section`, `major`, `brithday`, `gender`, `nationality`, `religion`, `_phone`, `ls_deleted`, `created`, `_image`) VALUES
(1, 'นาย', 'พิชิต', 'ทนันชัย', '10101', 'pichit@rmutl.ac.th', 'หัวหน้าหลักสูตร', 'วิศวกรรมศาสตร์', 'วิศวกรรมไฟฟ้า', 'วศ.บ.วิศวกรรมคอมพิวเตอร์', '2023-08-13', 'ชาย', 'ไทย', 'พุทธ', '064-222-4454', 0, '2023-08-13 14:43:27', '_พิชิต.png'),
(2, 'ผศ.', 'อนันท์', 'ทับเกิด', '00000', 'anan@rmutl.ac.th', 'รองหัวหน้าหลักสูตร', 'วิศวกรรมศาสตร์', 'วิศวกรรมไฟฟ้า', 'วศ.บ.วิศวกรรมคอมพิวเตอร์', '2023-09-04', 'ชาย', 'ไทย', 'พุทธ', '', 0, '2023-09-04 22:16:53', '_อนันท์.png'),
(3, 'ผศ.', 'ยุพดี', 'หัตถสิน', '', 'yupadee@rmutl.ac.th', 'อาจารย์', 'วิศวกรรมศาสตร์', 'วิศวกรรมไฟฟ้า', 'วศ.บ.วิศวกรรมคอมพิวเตอร์', '0000-00-00', 'หญิง', 'ไทย', 'พุทธ', '', 0, '0000-00-00 00:00:00', '_ยุพดี.png'),
(4, 'นาย', 'ปรัชญ์', 'ปิยะวงศ์วิศาล', '', 'prach@rmutl.ac.th', 'อาจารย์', 'วิศวกรรมศาสตร์', 'วิศวกรรมไฟฟ้า', 'วศ.บ.วิศวกรรมคอมพิวเตอร์', '0000-00-00', 'ชาย', 'ไทย', 'พุทธ', '', 0, '0000-00-00 00:00:00', '_ปรัชญ์.png'),
(5, 'นาย', 'กิตตินันท์', 'น้อยมณี', '', 'mr.kittinan@rmutl.ac.th', 'อาจารย์', 'วิศวกรรมศาสตร์', 'วิศวกรรมไฟฟ้า', 'วศ.บ.วิศวกรรมคอมพิวเตอร์', '0000-00-00', 'ชาย', 'ไทย', 'พุทธ', '', 0, '0000-00-00 00:00:00', '_กิตตินันท์.png'),
(6, 'ผศ.', 'ขวัญชัย', 'เอื้อวิริยานุกูล', '10101', 'kwanchai@rmutl.ac.th', 'อาจารย์', 'วิศวกรรมศาสตร์', 'วิศวกรรมไฟฟ้า', 'วศ.บ.วิศวกรรมคอมพิวเตอร์', '2023-08-01', 'ชาย', 'ไทย', 'พุทธ', '542-3', 0, '2023-08-12 18:31:14', '_ขวัญชัย.png'),
(7, 'นาย', 'จักรภพ', 'ใหม่เสน', '', 'jakrapop@rmutl.ac.th', 'อาจารย์', 'วิศวกรรมศาสตร์', 'วิศวกรรมไฟฟ้า', 'วศ.บ.วิศวกรรมคอมพิวเตอร์', '0000-00-00', 'ชาย', 'ไทย', 'พุทธ', '', 0, '0000-00-00 00:00:00', '_จักรภพ.png'),
(8, 'นาย', 'สมนึก', 'สุระธง', '', 'somnuk@rmutl.ac.th', 'อาจารย์', 'วิศวกรรมศาสตร์', 'วิศวกรรมไฟฟ้า', 'วศ.บ.วิศวกรรมคอมพิวเตอร์', '0000-00-00', 'ชาย', 'ไทย', 'พุทธ', '', 0, '0000-00-00 00:00:00', '_สมนึก.png'),
(9, 'นาย', 'ณัฐชาสิทธิ์', 'ชูเกียรติขจร', '', 'natchasit@rmutl.ac.th', 'อาจารย์', 'วิศวกรรมศาสตร์', 'วิศวกรรมไฟฟ้า', 'วศ.บ.วิศวกรรมคอมพิวเตอร์', '0000-00-00', 'ชาย', 'ไทย', 'พุทธ', '', 0, '0000-00-00 00:00:00', '_ณัฐชาสิทธิ์.png'),
(10, 'นาย', 'ธนิต', 'เกตุแก้ว', '', 'thanit@rmutl.ac.th', 'อาจารย์', 'วิศวกรรมศาสตร์', 'วิศวกรรมไฟฟ้า', 'วศ.บ.วิศวกรรมคอมพิวเตอร์', '0000-00-00', 'ชาย', 'ไทย', 'พุทธ', '', 0, '0000-00-00 00:00:00', '_ธนิต.png'),
(11, 'นาย', 'สัญญา', 'อุทธโยธา', '', 'sanya@rmutl.ac.th', 'อาจารย์', 'วิศวกรรมศาสตร์', 'วิศวกรรมไฟฟ้า', 'วศ.บ.วิศวกรรมคอมพิวเตอร์', '0000-00-00', 'ชาย', 'ไทย', 'พุทธ', '', 0, '0000-00-00 00:00:00', '_สัญญา.png'),
(12, 'นาย', 'ภาณุเดช', 'ทิพย์อักษร', '', 'panudech@rmutl.ac.th', 'อาจารย์', 'วิศวกรรมศาสตร์', 'ครุศาสตร์อุตสาหกรรมและเทคโนโลยี', 'ค.อ.บ.วิศวกรรมไฟฟ้า-วิศวกรรมคอมพิวเตอร์', '0000-00-00', 'ชาย', 'ไทย', 'พุทธ', '', 0, '0000-00-00 00:00:00', '_ภาณุเดช.png'),
(13, 'นาย', 'อนุพงศ์', 'ไพรโรจน์', '', 'anupong@rmutl.ac.th', 'อาจารย์', 'วิศวกรรมศาสตร์', 'ครุศาสตร์อุตสาหกรรมและเทคโนโลยี', 'ค.อ.บ.วิศวกรรมไฟฟ้า-วิศวกรรมคอมพิวเตอร์', '0000-00-00', 'ชาย', 'ไทย', 'พุทธ', '', 0, '0000-00-00 00:00:00', '_อนุพงศ์.png'),
(14, 'นาย', 'อรรถพล', 'วิเวก', '', 'atthapol@rmutl.ac.th', 'อาจารย์', 'วิศวกรรมศาสตร์', 'ครุศาสตร์อุตสาหกรรมและเทคโนโลยี', 'ค.อ.บ.วิศวกรรมไฟฟ้า-วิศวกรรมคอมพิวเตอร์', '0000-00-00', 'ชาย', 'ไทย', 'พุทธ', '', 0, '0000-00-00 00:00:00', '_อรรถพล.png'),
(15, 'นาย', 'ปิยพล', 'ยืนยงสถาวร', '', 'piyaphon@rmutl.ac.th', 'อาจารย์', 'วิศวกรรมศาสตร์', 'ครุศาสตร์อุตสาหกรรมและเทคโนโลยี', 'ค.อ.บ.วิศวกรรมไฟฟ้า-วิศวกรรมคอมพิวเตอร์', '0000-00-00', 'ชาย', 'ไทย', 'พุทธ', '', 0, '0000-00-00 00:00:00', '_ปิยพล.png'),
(16, 'นาย', 'ปณต', 'พุกกะพันธ์', '10101', 'pranot@rmutl.ac.th', 'อาจารย์', 'วิศวกรรมศาสตร์', 'ครุศาสตร์อุตสาหกรรมและเทคโนโลยี', 'ค.อ.บ.วิศวกรรมไฟฟ้า-วิศวกรรมคอมพิวเตอร์', '0000-00-00', 'ชาย', 'ไทย', 'พุทธ', '', 0, '0000-00-00 00:00:00', '_ปณต.png');

-- --------------------------------------------------------

--
-- Table structure for table `calendar_study`
--

CREATE TABLE `calendar_study` (
  `id` int(12) NOT NULL,
  `type` varchar(255) NOT NULL,
  `file_name` varchar(255) NOT NULL,
  `created_at` datetime NOT NULL,
  `year` varchar(255) NOT NULL,
  `owner` varchar(255) NOT NULL
) ENGINE=InnoDB DEFAULT CHARSET=utf8;

--
-- Dumping data for table `calendar_study`
--

INSERT INTO `calendar_study` (`id`, `type`, `file_name`, `created_at`, `year`, `owner`) VALUES
(1, 'normal', 'ปฎิทินการศึกษา 2566.pdf', '2023-07-03 14:50:17', '2566', 'admin'),
(2, 'normal', 'ปฎิทินการศึกษา 2565.pdf', '2023-07-03 14:50:30', '2565', 'admin'),
(3, 'normal', 'ปฎิทินการศึกษา 2563.pdf', '2023-07-03 14:50:41', '2563', 'admin'),
(4, 'normal', 'ปฎิทินการศึกษา 2562.pdf', '2023-07-03 14:50:57', '2562', 'admin'),
(5, 'cooperative', 'ปฎิทินกำหนดโครงการพัฒนาทักษะ (ฝึกงาน).pdf', '2023-07-03 14:52:03', '2566', 'admin');

-- --------------------------------------------------------

--
-- Table structure for table `education_teacher`
--

CREATE TABLE `education_teacher` (
  `teacher_education_id` int(11) NOT NULL,
  `graduates_years` varchar(255) NOT NULL,
  `teacher_diploma` varchar(255) NOT NULL,
  `subject_eng` varchar(255) NOT NULL,
  `subject` varchar(255) NOT NULL,
  `university` varchar(255) NOT NULL,
  `country` varchar(255) NOT NULL,
  `owner_id` int(11) NOT NULL
) ENGINE=InnoDB DEFAULT CHARSET=utf8;

--
-- Dumping data for table `education_teacher`
--

INSERT INTO `education_teacher` (`teacher_education_id`, `graduates_years`, `teacher_diploma`, `subject_eng`, `subject`, `university`, `country`, `owner_id`) VALUES
(1, '2549', 'ปริญญาโท', 'Computer science', 'วิศวกรรมคอมพิวเตอร์', 'มหาวิทยาลัยเทคโนโลยีพระจอมเกล้าธนบุรี', 'ไทย', 1),
(2, '2539', 'ปริญญาตรี', 'Electricity and eneegy', 'วิศวกรรมไฟฟ้า', 'สถาบันเทคโนโลยีราชมงคล', 'ไทย', 1),
(3, '2544', 'ปริญญาโท', 'Electricity and automation', 'วิศวกรรมไฟฟ้า', 'มหาวิทยาลัยเชียงใหม่', 'ไทย', 2),
(4, '2536', 'ปริญญาตรี', 'Electricity and automation', 'วิศวกรรมอิเล็กทรอนิกส์', 'สถาบันเทคโนโลยีราชมงคล', 'ไทย', 2),
(5, '2553', 'ปริญญาเอก', 'Computer science', 'วิศวกรรมคอมพิวเตอร์', 'มหาวิทยาลัยเกษตรศาสตร์', 'ไทย', 3),
(6, '2541', 'ปริญญาโท', 'Electricity and eneegy', 'วิศวกรรมไฟฟ้า', 'มหาวิทยาลัยเชียงใหม่', 'ไทย', 3),
(7, '2557', 'ปริญญาโท', 'Computer science', 'วิทยาการคอมพิวเตอร์', 'Carnegie Mellon University', 'สหรัฐอเมริกา', 4),
(8, '2555', 'ปริญญาตรี', 'Computer science', 'วิศวกรรมคอมพิวเตอร์', 'University of Illinois', 'สหรัฐอเมริกา', 4),
(9, '2554', 'ปริญญาโท', 'Basic / broad general programmes', 'วิศวกรรมชีวการแพทย์', 'สถาบันเทคโนโลยีพระจอมเกล้าเจ้าคุณทหารลาดกระบัง', 'ไทย', 5),
(10, '2552', 'ปริญญาตรี', 'Computer use', 'วิศวกรรมคอมพิวเตอร์', 'มหาวิทยาลัยเชียงใหม่', 'ไทย', 5),
(11, '2553', 'ปริญญาเอก', 'Computer science', 'วิทยาศาสตร์คอมพิวเตอร์ ', 'The University of Manchester', 'อังกฤษ สหราชอาณาจักร', 6),
(12, '2546', 'ปริญญาโท', 'Computer science', 'Computer Science & Engineering', 'The University Of New South Wales', 'ออสเตรเลีย', 6),
(13, '2543', 'ปริญญาตรี', 'Computer use', 'วิศวกรรมคอมพิวเตอร์', 'สถาบันเทคโนโลยีพระจอมเกล้าเจ้าคุณทหารลาดกระบัง', 'ไทย', 6),
(14, '2562', 'ปริญญาเอก', 'Computer science', 'วิศวกรรมคอมพิวเตอร์', 'มหาวิทยาลัยเชียงใหม่', 'ไทย', 7),
(15, '2549', 'ปริญญาโท', 'Computer science', 'วิศวกรรมคอมพิวเตอร์', 'มหาวิทยาลัยเทคโนโลยีพระจอมเกล้าธนบุรี', 'ไทย', 7),
(16, '2542', 'ปริญญาตรี', 'Computer science', 'วิศวกรรมคอมพิวเตอร์', 'สถาบันเทคโนโลยีราชมงคล', 'ไทย', 7),
(17, '2562', 'ปริญญาเอก', 'Computer science', 'วิศวกรรมคอมพิวเตอร์', 'มหาวิทยาลัยเชียงใหม่', 'ไทย', 8),
(18, '2549', 'ปริญญาโท', 'Computer science', 'วิศวกรรมคอมพิวเตอร์', 'มหาวิทยาลัยเทคโนโลยีพระจอมเกล้าธนบุรี', 'ไทย', 8),
(19, '2543', 'ปริญญาตรี', 'Computer science', 'วิศวกรรมคอมพิวเตอร์', 'สถาบันเทคโนโลยีราชมงคล', 'ไทย', 8),
(20, '2554', 'ปริญญาโท', 'Computer science', 'วิทยาการคอมพิวเตอร์', 'มหาวิทยาลัยเชียงใหม่', 'ไทย', 9),
(21, '2550', 'ปริญญาตรี', 'Computer science', 'วิศวกรรมคอมพิวเตอร์', 'มหาวิทยาลัยเทคโนโลยีราชมงคลล้านนา', 'ไทย', 9),
(22, '2549', 'ปริญญาโท', 'Computer science', 'วิศวกรรมคอมพิวเตอร์', 'มหาวิทยาลัยเทคโนโลยีพระจอมเกล้าธนบุรี', 'ไทย', 10),
(23, '2539', 'ปริญญาตรี', 'Electricity and eneegy', 'วิศวกรรมไฟฟ้า', 'สถาบันเทคโนโลยีราชมงคล', 'ไทย', 10),
(24, '2565', 'ปริญญาโท', 'Basic / broad general programmes', 'วิศวกรรมซอฟต์แวร์', 'มหาวิทยาลัยเชียงใหม่', 'ไทย', 11),
(25, '2539', 'ปริญญาตรี', ' Electricity and energy', 'วิศวกรรมไฟฟ้า', 'มหาวิทยาลัยเชียงใหม่', 'ไทย', 11),
(26, '2549', 'ปริญญาโท', 'Computer science', 'วิศวกรรมคอมพิวเตอร์', 'มหาวิทยาลัยเทคโนโลยีพระจอมเกล้าธนบุรี', 'ไทย', 12),
(27, '2538', 'ปริญญาตรี', 'Electricity and energy', 'วิศวกรรมไฟฟ้าสื่อสาร', 'สถาบันเทคโนโลยีราชมงคล', 'ไทย', 12),
(28, '2548', 'ปริญญาโท', 'Computer science', 'วิศวกรรมคอมพิวเตอร์', 'มหาวิทยาลัยเทคโนโลยีพระจอมเกล้าธนบุรี', 'ไทย', 13),
(29, '2542', 'ปริญญาตรี', 'Computer science', 'วิศวกรรมคอมพิวเตอร์', 'สถาบันเทคโนโลยีราชมงคล', 'ไทย', 13),
(30, '2555', 'ปริญญาโท', 'Computer science', 'วิทยาการคอมพิวเตอร์', 'มหาวิทยาลัยเชียงใหม่', 'ไทย', 14),
(31, '2549', 'ปริญญาตรี', 'Computer science', 'วิศวกรรมคอมพิวเตอร์', 'มหาวิทยาลัยเทคโนโลยีราชมงคลล้านนา', 'ไทย', 14),
(32, '2557', 'ปริญญาโท', 'Computer science', 'วิทยาการคอมพิวเตอร์', 'มหาวิทยาลัยเชียงใหม่', 'ไทย', 15),
(33, '2553', 'ปริญญาตรี', 'Computer use', 'วิศวกรรมคอมพิวเตอร์', 'มหาวิทยาลัยเทคโนโลยีราชมงคลล้านนา', 'ไทย', 15),
(34, '2557', 'ปริญญาโท', 'Electricity and energy', 'วิศวกรรมไฟฟ้า', 'มหาวิทยาลัยเทคโนโลยีพระจอมเกล้าพระนครเหนือ', 'ไทย', 16),
(35, '2555', 'ปริญญาตรี', 'Computer use', 'วิศวกรรมคอมพิวเตอร์', 'มหาวิทยาลัยเทคโนโลยีราชมงคลล้านนา', 'ไทย', 16);

-- --------------------------------------------------------

--
-- Table structure for table `graduate_report`
--

CREATE TABLE `graduate_report` (
  `graduate_report_id` int(11) NOT NULL,
  `name_cooperative` varchar(255) NOT NULL,
  `phone_cooperative` varchar(255) NOT NULL,
  `prefix_name_graduate` varchar(100) NOT NULL,
  `first_name_graduate` varchar(255) NOT NULL,
  `last_name_graduate` varchar(255) NOT NULL,
  `topic_gradute` varchar(255) NOT NULL,
  `contant_gradute` varchar(255) NOT NULL
) ENGINE=InnoDB DEFAULT CHARSET=utf8;

--
-- Dumping data for table `graduate_report`
--

INSERT INTO `graduate_report` (`graduate_report_id`, `name_cooperative`, `phone_cooperative`, `prefix_name_graduate`, `first_name_graduate`, `last_name_graduate`, `topic_gradute`, `contant_gradute`) VALUES
(1, 'หจก. อีอาร์พี ', '022-222-222', 'นาย', 'สุวิจักษณ์', 'สุขทองคำ', 'ความประพฤติ', 'เล่นเกม ไม่ทำงานระหว่างฝึกงาน'),
(2, 'goahead  Co.Lte', '345-623-4234', 'นาย', 'สมจริง', 'รุ่งเรือง', 'เสริมความรู้ด้านการแก้ไขปัญหาและภาษาอังกฤษ', '-');

-- --------------------------------------------------------

--
-- Table structure for table `newspaper`
--

CREATE TABLE `newspaper` (
  `news_id` int(11) NOT NULL,
  `news_name` varchar(255) NOT NULL,
  `news_date` varchar(255) NOT NULL,
  `news_heading` varchar(255) NOT NULL,
  `news_content` varchar(255) NOT NULL,
  `news_content2` varchar(255) NOT NULL,
  `lsedited` varchar(32) NOT NULL,
  `view` int(255) NOT NULL,
  `created_by` varchar(64) NOT NULL,
  `isDeleted` int(11) NOT NULL
) ENGINE=InnoDB DEFAULT CHARSET=utf8;

--
-- Dumping data for table `newspaper`
--

INSERT INTO `newspaper` (`news_id`, `news_name`, `news_date`, `news_heading`, `news_content`, `news_content2`, `lsedited`, `view`, `created_by`, `isDeleted`) VALUES
(1, 'ถ่ายรูปทำบัตรนักศึกษา รหัส 66', '2023-08-31', 'ประชาสัมพันธ์ นักศึกษาใหม่ รหัส 66 (เฉพาะนักศึกษา มทร.ล้านนา เชียงใหม่) ดำเนินการถ่ายรูปทำบัตรนักศึกษา', 'งานรับสมัครนักศึกษาใหม่ สำนักส่งเสริมวิชาการและงานทะเบียน ขอแจ้ง\n\nประชาสัมพันธ์ นักศึกษาใหม่ รหัส 66  (เฉพาะนักศึกษา มทร.ล้านนา เชียงใหม่)\n\nดำเนินการถ่ายรูปทำบัตรนักศึกษา ตามกำหนดการประจำปีการศึกษา 2566 ดังนี้  \n\n    กำหนดการถ่ายรูปทำบัตรนักศึกษา 2566\n\n  ', 'ระดับ ปวช. ปวส. ปริญญาตรี  ทรงผมและการแต่งกาย ดังนี้\n\nนักศึกษาชาย : ทรงผมสุภาพ (สีผมตามธรรมชาติ ไม่ปรกคิ้ว ด้านข้างไม่ปิดหู)\n\nไม่ไว้หนวด เครา หรือจอน แต่งกายชึดนักศึกษาถูกระเบียบ\n\nนักศึกษาหญิง : ผมทรงสุภาพ (สีตามธรรมชาติ ไม่ปิดหน้า ไม่ปรกคิ้ว ไม่ประบ่า )', '', 25, 'ขวัญชัย เอื้อวิริยานุกูล', 0),
(2, 'สวส.มทร.ล้านนา แนะนำบริการอินเตอร์เน็ต', '2023-08-29', 'สวส.มทร.ล้านนา แนะนำบริการ : บริการยืมต่อด้วยตนเองผ่านระบบอินเทอร์เน็ต (Online Renewal Service)', '', '', '', 5, 'ขวัญชัย เอื้อวิริยานุกูล', 0),
(3, 'สวส.มทร.ล้านนา แนะนำบริการเข้าใช้งานประตูอัตโนมัติของหอสมุด', '2023-08-29', 'สวส.มทร.ล้านนา แนะนำบริการ : ขั้นตอนการเข้าใช้งานประตูอัตโนมัติของหอสมุด มทร.ล้านนา', '', '', '', 5, 'ขวัญชัย เอื้อวิริยานุกูล', 0),
(4, 'สวส.มทร.ล้านนา แนะนำบริการ e-Mail RMUTL', '2023-08-29', 'สวส.มทร.ล้านนา แนะนำบริการ : e-Mail RMUTL สำหรับอาจารย์ บุคลากร และนักศึกษา มทร.ล้านนา', 'ช่องทางการเข้าใช้งาน : mail.rmutl.ac.th\nคู่มือการใช้งาน e-Mail : https://bit.ly/42O9sKp\nคู่มือการใช้งาน RMUTL Account : https://arit.rmutl.ac.th/news/22019\n......................................................\nUsername และ Password เพื่อเข้าใช้งาน\nสำหรับ', 'สำหรับนักศึกษา\nUsername : RMUTL Account ตามด้วย @live.rmutl.ac.th\nPassword : RMUTL Account\n(ตัวอย่าง e-Mail : xxx_66@live.rmutl.ac.th)\n\n......................................................\nสอบถามรายละเอียดเพิ่มเติม : งานพัฒนาระบบสารสนเทศ สวส.มทร.ล้านนา ', '', 3, 'ขวัญชัย เอื้อวิริยานุกูล', 0),
(5, 'สวส.มทร.ล้านนา แนะนำบริการ : Booking RMUTL', '2023-08-29', 'สวส.มทร.ล้านนา แนะนำบริการ : Booking RMUTL (ระบบจองห้องแบบออนไลน์)', 'ช่องทางการจองห้อง : https://booking.rmutl.ac.th', '', '', 1, 'ขวัญชัย เอื้อวิริยานุกูล', 0),
(6, 'สวส.มทร.ล้านนา (หอสมุด)', '2023-08-10', 'สวส.มทร.ล้านนา (หอสมุด) แนะนำบริการ : บริการห้องสำหรับนักศึกษา', 'ช่องทางการจองห้อง : คลิกที่นี่ ', '', '', 1, 'ขวัญชัย เอื้อวิริยานุกูล', 0),
(7, 'สวส.มทร.ล้านนา แนะนำบริการ พื้นที่จัดเก็บข้อมูล', '2023-08-06', 'สวส.มทร.ล้านนา แนะนำบริการ : Did you Know…พื้นที่จัดเก็บข้อมูล สำหรับบุคลากร และนักศึกษา มทร.ล้านนา OneDrive 5,000 GB (5 TB)', 'Username และ Password สำหรับใช้งาน คือ RMUTL Account', 'ช่องทางการเข้าใช้งาน : คลิกที่นี่ คู่มือการใช้งาน : คลิกที่นี่', '', 5, 'ขวัญชัย เอื้อวิริยานุกูล', 0),
(8, 'สวส.มทร.ล้านนา แนะนำบริการ ดาวน์โหลดซอฟต์แวร์', '2023-08-29', 'สวส.มทร.ล้านนา แนะนำบริการ : นักศึกษาใหม่ รหัส \'\' 66 ดาวน์โหลดซอฟต์แวร์ลิขสิทธิ์ (เพื่อการเรียนการสอน การวิจัย)', 'ระบบดาวน์โหลดซอฟต์แวร์ลิขสิทธิ์ (เพื่อการเรียนการสอน การวิจัย)\nช่องทางการเข้าใช้งาน...คลิกที่นี่\n---------------------------\nACCOUNT ในการใช้งาน...\n+++ Username : RMUTL ACCOUNT \n+++ Password : RMUTL ACCOUNT \n---------------------------\nตรวจสอบข้อมูล RMUTL', 'ตัวอย่าง RMUTL ACCOUNT\nสำหรับบุคลากร\nE-mail : xxxxxxxxx @rmutl.ac.th\nUsername : RMUTL Account\nPassword : RMUTL Account\n---------------------------\nสำหรับนักศึกษา\nE-mail : username_me64@live.rmutl.ac.th\nUsername : username_me66 (ใช้เฉพาะชื่อ e-mail ไม่ต้อง', '', 0, 'ขวัญชัย เอื้อวิริยานุกูล', 0),
(9, 'นศ.ใหม่ มทร.ล้านนา รหัส  66 Did you Know… RMUTL WIFI', '2023-01-16', 'นศ.ใหม่ มทร.ล้านนา รหัส \'\' 66 : Did you Know… RMUTL WIFI ที่ให้บริการ', 'หมายเหตุ : \n+++ แนะนำให้ใช้ RMUTL WIFI ลำดับที่ 1. @Internet-RMUTL\n+++ Username & Password : RMUTL ACCOUNT (https://arit.rmutl.ac.th/search_email)\n+++ คู่มือการเชื่อมต่ออินเทอร์เน็ตไร้สาย : https://arit.rmutl.ac.th/page/how-to\n\nหากต้องการใช้งาน eduroam\n++', '', '', 0, 'ขวัญชัย เอื้อวิริยานุกูล', 0),
(10, 'นศ.ใหม่ มทร.ล้านนา รหัส 66 Did you know... RMUTL Account', '2023-08-29', 'นศ.ใหม่ มทร.ล้านนา รหัส \'\' 66 : Did you Know… RMUTL WIFI ที่ให้บริการ', 'หมายเหตุ : \n+++ แนะนำให้ใช้ RMUTL WIFI ลำดับที่ 1. @Internet-RMUTL\n+++ Username & Password : RMUTL ACCOUNT (https://arit.rmutl.ac.th/search_email)\n+++ คู่มือการเชื่อมต่ออินเทอร์เน็ตไร้สาย : https://arit.rmutl.ac.th/page/how-to\n\nหากต้องการใช้งาน eduroam\n++', '', '', 3, 'ขวัญชัย เอื้อวิริยานุกูล', 0),
(11, 'แกะ', '2023-09-21', 'อิอิ', 'ดกดำ', 'ภะภ_ุ', '2023-09-21 15:41:08', 0, 'พิชิต ทนันชัย', 1);

-- --------------------------------------------------------

--
-- Table structure for table `newspaper_image`
--

CREATE TABLE `newspaper_image` (
  `id_image` int(255) NOT NULL,
  `filename` varchar(255) NOT NULL,
  `ownerid` int(11) NOT NULL,
  `imageMain` int(11) NOT NULL
) ENGINE=InnoDB DEFAULT CHARSET=utf8;

--
-- Dumping data for table `newspaper_image`
--

INSERT INTO `newspaper_image` (`id_image`, `filename`, `ownerid`, `imageMain`) VALUES
(1, 'รูปข่าว 1.jpg', 1, 1),
(2, 'รูปข่าว 2.jpg', 2, 1),
(3, 'รูปข่าว 3.png', 3, 1),
(4, 'รูปข่าว 4.jpg', 4, 1),
(5, 'รูปข่าว 5.jpg', 5, 1),
(6, 'รูปข่าว 6.jpg', 6, 1),
(7, 'รูปข่าว 7.jpg', 7, 1),
(8, 'รูปข่าว 8.jpg', 8, 1),
(9, 'รูปข่าว 9.jpg', 9, 1),
(10, 'รูปข่าว 10.jpg', 10, 1),
(11, 'logo.png', 1, 0);

-- --------------------------------------------------------

--
-- Table structure for table `officer`
--

CREATE TABLE `officer` (
  `off_id` int(5) NOT NULL,
  `off_name` varchar(255) NOT NULL,
  `off_user` varchar(150) NOT NULL,
  `off_pass` varchar(15) NOT NULL,
  `is_delete` int(1) NOT NULL
) ENGINE=InnoDB DEFAULT CHARSET=utf8mb4;

--
-- Dumping data for table `officer`
--

INSERT INTO `officer` (`off_id`, `off_name`, `off_user`, `off_pass`, `is_delete`) VALUES
(1, 'คะม๊องเมียว', 'admin1', '123456', 0),
(2, 'จาตุรง', 'admin2', '123456', 0);

-- --------------------------------------------------------

--
-- Table structure for table `subject_teacher`
--

CREATE TABLE `subject_teacher` (
  `subject_id` int(11) NOT NULL,
  `subject_teach1` varchar(255) NOT NULL,
  `subject_teach2` varchar(255) NOT NULL,
  `subject_teach3` varchar(255) NOT NULL,
  `subject_teach4` varchar(255) NOT NULL,
  `subject_teach5` varchar(255) NOT NULL
) ENGINE=InnoDB DEFAULT CHARSET=utf8;

--
-- Dumping data for table `subject_teacher`
--

INSERT INTO `subject_teacher` (`subject_id`, `subject_teach1`, `subject_teach2`, `subject_teach3`, `subject_teach4`, `subject_teach5`) VALUES
(1, 'การสื่อสารเชิงดิจิทัล', 'ความมั่นคงปลอดภัยของคอมพิวเตอร์และข้อมูล', '', '', ''),
(2, 'การวิเคราะห์และออกแบบระบบ', 'การสั่งงานด้วยอุปกรณ์พกพาอัจฉริยะเคลื่อนที่', 'การเขียนโปรแกรมบนเว็บ', 'การพัฒนาโปรแกรมประยุกต์และเกมสำหรับอุปกรณ์เคลื่อนที่', 'การเขียนโปรแกรมคอมพิวเตอร์'),
(3, 'การเขียนโปรแกรมคอมพิวเตอร์', 'สัญญาณและระบบ', '', '', ''),
(4, 'การเขียนโปรแกรมคอมพิวเตอร์', 'ปัญญาประดิษฐ์และการเรียนรู้ของเครื่อง', 'คณิตศาสตร์พื้นฐานสำหรับวิศวกรรมคอมพิวเตอร์', '', ''),
(5, 'การเขียนโปรแกรมเชิงวัตถุ', 'นวัตกรรมและเทคโนโลยีสารสนเทศทางการศึกษา', '', '', ''),
(6, 'งานฝึกพื้นฐานทางวิศวกรรมคอมพิวเตอร์', 'การประมวลผลแบบคลาวด์', 'วิศวกรรมฐานข้อมูลและข้อมูลขนาดใหญ่เบื้องต้น', '', ''),
(7, 'คณิตศาสตร์ดิสครีตสำหรับวิศวกรรมคอมพิวเตอร์', 'ทฤษฎีฟัซซีเซต', 'คณิตศาสตร์วิศวกรรมไฟฟ้า', '', ''),
(8, 'การเขียนโปรแกรมคอมพิวเตอร์', 'วงจรไฟฟ้า', 'อิเล็กทรอนิกส์วิศวกรรม', '', ''),
(9, 'การเขียนโปรแกรมคอมพิวเตอร์', 'การวิเคราะห์และออกแบบระบบ', 'งานฝึกพื้นฐานทางวิศวกรรมคอมพิวเตอร์', 'การเขียนโปรแกรมบนเว็บ', 'การพัฒนาโปรแกรมประยุกต์และเกมสำหรับอุปกรณ์เคลื่อนที่'),
(10, 'การเขียนโปรแกรมคอมพิวเตอร์', 'หัวข้อความก้าวล้ำในงานวิศวกรรมซอฟต์แวร์', 'การออกแบบและพัฒนาซอฟต์แวร์', '', ''),
(11, 'เครื่องมือวัดและการวัดทางไฟฟ้า', 'อิเล็กทรอนิกส์วิศวกรรม', '', '', ''),
(12, 'การสื่อสารข้อมูลและเครือข่าย', 'เครือข่ายคอมพิวเตอร์', '', '', ''),
(13, 'การสื่อสารข้อมูลและเครือข่าย', 'เครือข่ายคอมพิวเตอร์', 'ปฏิบัติประสบการณ์วิชาชีพครู 1', 'ปฏิบัติประสบการณ์วิชาชีพครู 2', 'โครงสร้างและสถาปัตยกรรมคอมพิวเตอร์'),
(14, 'การสื่อสารข้อมูลและเครือข่าย', 'การออกแบบและการอินเตอร์เฟสไมโครคอนโทรลเลอร์', 'ปฏิบัติประสบการณ์วิชาชีพครู 1', 'ปฏิบัติประสบการณ์วิชาชีพครู 2', 'การสื่อสารข้อมูลและเครือข่าย'),
(15, 'การพัฒนาโปรแกรมประยุกต์และเกมสำหรับอุปกรณ์เคลื่อนที่', 'การเขียนโปรแกรมคอมพิวเตอร์', 'ระบบปฏิบัติการ', '', ''),
(16, 'วงจรดิจิทัล', 'การเขียนโปรแกรมคอมพิวเตอร์', '', '', '');

--
-- Indexes for dumped tables
--

--
-- Indexes for table `biographical_student`
--
ALTER TABLE `biographical_student`
  ADD PRIMARY KEY (`student_id`);

--
-- Indexes for table `biographical_teacher`
--
ALTER TABLE `biographical_teacher`
  ADD PRIMARY KEY (`teacher_id`);

--
-- Indexes for table `calendar_study`
--
ALTER TABLE `calendar_study`
  ADD PRIMARY KEY (`id`);

--
-- Indexes for table `education_teacher`
--
ALTER TABLE `education_teacher`
  ADD PRIMARY KEY (`teacher_education_id`);

--
-- Indexes for table `graduate_report`
--
ALTER TABLE `graduate_report`
  ADD PRIMARY KEY (`graduate_report_id`);

--
-- Indexes for table `newspaper`
--
ALTER TABLE `newspaper`
  ADD PRIMARY KEY (`news_id`);

--
-- Indexes for table `newspaper_image`
--
ALTER TABLE `newspaper_image`
  ADD PRIMARY KEY (`id_image`);

--
-- Indexes for table `officer`
--
ALTER TABLE `officer`
  ADD PRIMARY KEY (`off_id`);

--
-- Indexes for table `subject_teacher`
--
ALTER TABLE `subject_teacher`
  ADD PRIMARY KEY (`subject_id`);

--
-- AUTO_INCREMENT for dumped tables
--

--
-- AUTO_INCREMENT for table `biographical_student`
--
ALTER TABLE `biographical_student`
  MODIFY `student_id` int(11) NOT NULL AUTO_INCREMENT, AUTO_INCREMENT=565;

--
-- AUTO_INCREMENT for table `biographical_teacher`
--
ALTER TABLE `biographical_teacher`
  MODIFY `teacher_id` int(11) NOT NULL AUTO_INCREMENT, AUTO_INCREMENT=17;

--
-- AUTO_INCREMENT for table `calendar_study`
--
ALTER TABLE `calendar_study`
  MODIFY `id` int(12) NOT NULL AUTO_INCREMENT, AUTO_INCREMENT=6;

--
-- AUTO_INCREMENT for table `graduate_report`
--
ALTER TABLE `graduate_report`
  MODIFY `graduate_report_id` int(11) NOT NULL AUTO_INCREMENT, AUTO_INCREMENT=3;

--
-- AUTO_INCREMENT for table `newspaper`
--
ALTER TABLE `newspaper`
  MODIFY `news_id` int(11) NOT NULL AUTO_INCREMENT, AUTO_INCREMENT=12;

--
-- AUTO_INCREMENT for table `newspaper_image`
--
ALTER TABLE `newspaper_image`
  MODIFY `id_image` int(255) NOT NULL AUTO_INCREMENT, AUTO_INCREMENT=12;

--
-- AUTO_INCREMENT for table `officer`
--
ALTER TABLE `officer`
  MODIFY `off_id` int(5) NOT NULL AUTO_INCREMENT, AUTO_INCREMENT=3;

--
-- AUTO_INCREMENT for table `subject_teacher`
--
ALTER TABLE `subject_teacher`
  MODIFY `subject_id` int(11) NOT NULL AUTO_INCREMENT, AUTO_INCREMENT=17;
COMMIT;

/*!40101 SET CHARACTER_SET_CLIENT=@OLD_CHARACTER_SET_CLIENT */;
/*!40101 SET CHARACTER_SET_RESULTS=@OLD_CHARACTER_SET_RESULTS */;
/*!40101 SET COLLATION_CONNECTION=@OLD_COLLATION_CONNECTION */;
